specID,ips,mds,mpt,ptt,interval
95,NA,1,NA,NA,250
3398,NA,NA,NA,NA,750
3395,NA,NA,NA,NA,750
3407,1,1,5,2,750
3413,NA,NA,NA,NA,750
3417,1,1,NA,NA,750
3406,1,NA,NA,NA,750
3411,1,1,6,2,750
3389,NA,1,NA,NA,1000
3374,1,1,6,2,1000
3348,1,1,5,2,1000
3329,NA,NA,NA,NA,1250
3158,0,1,6,3,2000
90,1,2,5,2,2000
3143,1,0,5,2,2000
3128,1,1,4,NA,2000
3129,NA,NA,NA,NA,2000
3130,NA,NA,NA,NA,2000
3154,NA,NA,NA,NA,2000
3136,0,1,6,NA,2000
3088,1,NA,NA,NA,2000
3089,1,NA,NA,NA,2000
3069,NA,2,5,1,2000
3087,1,1,NA,NA,2250
3043,NA,NA,NA,NA,2250
4143,0,1,4,1,2250
3034,1,NA,NA,NA,2250
4109,NA,NA,NA,NA,2250
3037,1,2,5,2,2250
4148,NA,3,NA,NA,2250
4122,NA,NA,NA,NA,2250
4123,0,1,5,2,2250
2959,NA,NA,NA,NA,2250
3044,1,1,NA,NA,2250
4068,1,2,NA,NA,2250
4118,1,1,NA,NA,2250
4120,1,2,NA,NA,2250
4116,NA,NA,NA,NA,2250
3045.1,NA,NA,NA,NA,2250
3045.2,NA,NA,NA,NA,2250
3033,1,2,5,3,2250
4104,NA,1,4,1,2250
2961,1,1,NA,NA,2250
4089,0,1,6,2,2250
2942,0,1,6,3,2250
3012,0,1,5,2,2250
4072,NA,1,6,2,2250
3018,1,1,NA,NA,2250
4088,NA,NA,NA,NA,2250
3017,1,1,5,2,2250
2990,1,1,5,1,2250
3016,1,NA,NA,NA,2250
3004,NA,NA,NA,NA,2250
3005,NA,NA,NA,NA,2250
4075,NA,NA,NA,NA,2250
4080,0,1,6,2,2250
2949,1,1,5,2,2250
2998,NA,NA,NA,NA,2250
4063,1,1,6,2,2500
4036,NA,1,5,1,2500
4040,1,2,5,2,2500
2986,1,2,5,2,2500
4050,1,2,6,3,2500
4022,1,2,6,3,2500
2983,NA,NA,NA,NA,2500
2981,NA,NA,NA,NA,2500
4042,1,1,5,2,2500
4026,0,2,5,2,2500
4030,NA,1,5,2,2500
4031,1,1,5,2,2500
4017,NA,1,NA,NA,2500
2954,NA,NA,NA,NA,2500
3973,1,1,4,1,2500
4003,1,1,5,2,2500
4023,NA,2,5,2,2500
3988,1,1,5,3,2500
3993,1,1,5,2,2500
4005,1,1,5,2,2500
4008,1,1,6,2,2500
3994,1,NA,5,2,2500
4000,1,1,4,1,2500
3983,NA,1,NA,NA,2500
3981,NA,NA,NA,NA,2500
2903,NA,NA,NA,NA,2500
2894,NA,2,NA,NA,2500
2886,1,1,5,3,2500
2884,NA,1,4,1,2500
2888,1,1,5,3,2500
2895.1,NA,NA,NA,NA,2500
2895.2,1,1,4,1,2500
2912,NA,1,4,1,2750
3964,1,2,6,2,2750
3933,1,1,5,2,2750
2861,1,1,4,1,2750
3946,1,1,5,2,2750
3937,1,NA,NA,NA,2750
3948,1.2,1,5,2,2750
2868,1,1,5,2,2750
3940,NA,1,5,2,2750
3955,NA,1,5,2,2750
3956,1,1,5,2,2750
3951,NA,NA,NA,NA,2750
3959,1,1,5,2,2750
3929,1,NA,NA,NA,2750
4226,0,1,5,2,2750
4223,0,2,5,3,2750
2836,1,NA,NA,NA,2750
4230,0,1,5,2,2750
4194.1,1,1,5,2,2750
4194.2,1,1,NA,NA,2750
4070,1,2,5,2,2750
4211,1,NA,NA,NA,2750
4191,NA,1,5,2,2750
4195,1,1,6,3,2750
4190,1,1,5,2,2750
2812,1,1,7,3,2750
2803,NA,NA,NA,NA,2750
4160,1,NA,NA,NA,2750
2833,1,NA,NA,NA,2750
4185,NA,NA,NA,NA,2750
4186,NA,NA,NA,NA,2750
4212,1,1,5,2,2750
4244,1,1,6,2,2750
4245,1,1,6,2,2750
4121,1,1,5,2,3000
3868,NA,1,5,2,3000
3872,NA,NA,NA,NA,3000
4090,NA,NA,NA,NA,3000
4085,1,1,5,1,3000
3869,NA,1,NA,NA,3000
4105.1,NA,NA,NA,NA,3000
4105.2,1,1,5,2,3000
4128,NA,1,5,2,3000
4204,1,1,5,2,3000
4106,NA,2,7,3,3000
3877,NA,NA,NA,NA,3000
3878,1,1,4,1,3000
4117.1,1,NA,NA,NA,3000
4117.2,1,NA,NA,NA,3000
4110,1,NA,6,3,3000
4097,NA,2,5,2,3000
3857,1,1,5,2,3000
3893,NA,NA,NA,NA,3000
3885,1,1,5,2,3000
4133,NA,1,6,3,3000
4099,1,NA,NA,NA,3000
4102,1,NA,NA,NA,3000
4107,1,NA,NA,NA,3000
4145,1,NA,NA,NA,3000
4078,1,1,4,1,3000
3420,1.2,1,5,2,3000
3414,1,NA,NA,NA,3000
4073,1,1,5,2,3000
4086,1,1,6,2,3000
3426,1,1,5,2,3000
4098,NA,1,4,1,3000
3421,0,1,5,2,3000
3434,1,1,5,2,3000
3431,0,1,5,2,3000
3852,1,1,6,2,3000
4074,1,1,5,3,3000
3848,1,1,5,2,3000
4077,NA,NA,NA,NA,3000
3427,2.2,1,NA,NA,3000
3424,2.2,1,5,2,3000
4079,NA,NA,NA,NA,3000
3416,1,1,5,2,3000
3422,1,1,NA,NA,3000
3708,1,1,NA,NA,3000
4053,1,1,5,2,3000
3408,1,1,NA,NA,3000
4076,1,1,5,2,3000
4062,1,1,5,2,3000
4065,0,1,4,1,3000
4082,NA,NA,NA,NA,3000
3393.1,1,1,5,1,3000
3393.2,1,NA,NA,NA,3000
3399,2.2,1,5,2,3000
3405,NA,NA,NA,NA,3000
3944,NA,NA,NA,NA,3000
3215,NA,NA,NA,NA,3000
3330,1,3,6,3,3250
3846,NA,1,5,2,3250
3884,0,1,5,2,3250
4081,0,1,4,1,3250
3914,1,1,5,2,3250
3861,1,1,5,2,3250
3862,NA,1,5,2,3250
3915,1,NA,NA,NA,3250
3807.1,1,1,5,2,3250
3807.2,1,1,5,2,3250
3882,0,1,5,2,3250
3911.1,1,2,5,3,3250
3911.2,NA,1,6,2,3250
3276,NA,1,4,1,3250
3865,0,1,5,2,3250
3871,0,1,6,4,3250
3891,1,1,5,2,3250
3939,1,1,5,2,3250
3825,0,1,5,2,3250
3278,1,1,5,2,3250
3297,NA,NA,NA,NA,3250
3816,1,1,4,1,3250
3881,1,1,5,2,3250
3824.1,1,1,4,2,3250
3824.2,1,2,5,2,3250
3843,NA,NA,NA,NA,3250
3324,1,0,5,2,3250
3334,1,1,6,2,3250
3888,1,NA,NA,NA,3250
3328,1,1,5,1,3250
3904,1,1,6,3,3250
3905,1,1,NA,NA,3250
3920,0,2,5,3,3250
3839,1,1,5,2,3250
3845,1,1,5,2,3250
4047,1,1,5,2,3250
3296,1,1,5,2,3250
3902,1,0,5,2,3250
3906,1,1,5,1,3250
3930,1,1,6,2,3250
3292,1,1,5,2,3250
3802,NA,1,6,3,3250
3838,0,1,4,1,3250
3819,NA,NA,NA,NA,3250
3847,NA,NA,NA,NA,3250
3859,0,1,5,2,3250
3345,1,1,6,2,3250
3814,1,1,6,2,3250
3853,1,1,NA,NA,3250
3737.1,1,1,NA,NA,3250
3737.2,1,1,6,2,3250
3295.1,1,1,5,2,3250
3295.2,NA,NA,NA,NA,3250
3726,1,1,5,2,3250
3841,1,NA,NA,NA,3250
3907,NA,1,5,2,3250
3209,1,1,5,2,3250
3270,1,1,5,2,3250
3298,1,3,6,2,3250
3700,1,1,5,2,3250
3736,NA,1,6,4,3250
3777,1,1,5,2,3250
3687,NA,1,4,1,3250
3782,NA,1,5,2,3250
3783,1,1,5,2,3250
3917,1,1,5,2,3250
3378,1,1,6,1,3250
3267,1,1,5,2,3250
3780,NA,1,4,1,3250
3771,NA,1,NA,NA,3250
3681,NA,1,5,2,3250
3713,NA,1,NA,NA,3250
3689,0,1,5,2,3250
3728,1,1,5,2,3250
3690,1,1,5,1,3250
3706,1,1,5,2,3250
3712,1,1,6,2,3250
3359,1,1,5,2,3250
3245,1,1,5,2,3250
3256,0,1,NA,NA,3250
3680,NA,1,5,2,3250
3243,1,1,5,2,3250
3247,1,1,5,2,3250
3673,NA,1,5,2,3250
3263,1,1,NA,NA,3250
3227,NA,1,6,2,3250
3239,1,1,NA,NA,3250
3369,NA,1,5,2,3250
3725,1,1,6,2,3250
3234,NA,NA,NA,NA,3250
3738,0,1,3,0,3250
3750.1,1,1,6,3,3250
3750.2,0,NA,NA,NA,3250
3750.3,0,1,5,2,3250
3750.4,1,1,7,3,3250
3766,1,3,6,3,3250
3754,1,NA,NA,NA,3250
3384,1,1,5,2,3250
3387,1,1,5,2,3250
3734,1,1,5,2,3250
3668,1,1,5,1,3250
3671,0,1,6,1,3250
3678,0,1,6,2,3250
3751,NA,1,NA,NA,3250
3333,NA,1,NA,NA,3250
3347,NA,1,6,2,3250
3742,1,0,NA,NA,3250
1287,1,1,5,2,3250
3332,1,1,5,2,3250
3238,NA,NA,NA,NA,3250
3667,1,1,NA,NA,3250
3204.1,1,1,6,2,3250
3204.2,NA,1,5,2,3250
3204.3,1,NA,NA,NA,3250
3204.4,1,1,4,1,3250
3197,1,1,5,2,3250
3199,0,1,6,2,3250
3319,1,1,5,2,3250
3666,NA,1,5,3,3250
3707.1,NA,1,5,2,3250
3707.2,1,1,5,1,3250
3670,1,1,4,1,3500
3718,0,1,5,1,3500
3743,1,1,NA,NA,3500
3644,NA,NA,NA,NA,3500
3735,NA,1,6,5,3500
3662,1,2,4,2,3500
3663,1,1,5,2,3500
3272,NA,NA,NA,NA,3500
3249,NA,NA,NA,NA,3500
3373,1,2,NA,NA,3500
3326,NA,1,5,2,3500
3630,1,1,5,2,3500
3661,1,1,NA,NA,3500
3600.1,1,1,5,2,3500
3600.2,1,NA,NA,NA,3500
3606,1,1,5,2,3500
3210,1,1,4,1,3500
3636,1,1,5,2,3500
3638,1,1,4,1,3500
3608,1,1,6,1,3500
3603,0,1,5,2,3500
3610,0,1,5,2,3500
3624,NA,NA,NA,NA,3500
3641,1,1,5,2,3500
3252,0,1,6,2,3500
3626,NA,NA,NA,NA,3500
3288,NA,1,5,2,3500
3596,NA,1,6,2,3500
3613,NA,NA,NA,NA,3500
3593,1,1,5,2,3500
3623,1,1,5,2,3500
3194,1,1,4,1,3500
3565,1,1,4,1,3500
3594,1,1,4,1,3500
3235,NA,NA,NA,NA,3500
3576.1,1,1,5,2,3500
3576.2,1,1,5,2,3500
3183,1,1,NA,NA,3500
3559,NA,1,6,2,3500
3503,1,1,5,2,3500
3519,1,1,NA,NA,3500
3545,1,1,4,1,3500
3546,0,1,4,1,3500
3552,1,1,5,2,3500
3170,NA,0,NA,NA,3500
3206,0,1,5,1,3500
3167,0,1,5,2,3500
3573,0,2,6,3,3500
3520,1,1,NA,NA,3500
3535,1.8,1,NA,NA,3500
3184,1,1,6,2,3500
3534,1,1,5,2,3500
3536,NA,1,NA,NA,3500
3655,1,1,5,2,3500
3177,0,1,5,2,3500
3192,1,1,4,1,3500
3521,1,1,6,2,3500
3118,0,2,6,3,3500
3180,1,1,5,1,3500
3179,1,NA,NA,NA,3500
3185,NA,NA,NA,NA,3500
3506,0,1,NA,NA,3500
3160,1,1,NA,NA,3500
3543,NA,NA,NA,NA,3500
3165,1,1,5,2,3500
3196,0,1,5,2,3500
3113,1.4,1,5,2,3500
3161,0,1,5,2,3500
3166,1,NA,NA,NA,3500
3112,1,1,4,1,3750
3485,0,1,5,2,3750
3497,1,1,5,2,3750
3139.1,1,1,4,1,3750
3139.2,1,1,5,2,3750
3200,NA,NA,NA,NA,3750
3517,1,1,4,1,3750
3556,1,1,NA,NA,3750
3654,1,2,6,2,3750
3162,NA,NA,NA,NA,3750
3547,1,1,5,2,3750
3528,1,1,5,2,3750
3307,NA,1,NA,NA,3750
3502,NA,NA,NA,NA,3750
3539,1,2,5,2,3750
3653,1,1,5,2,3750
3074,1.4,2,5,2,3750
3077,NA,NA,NA,NA,3750
3086,1,1,5,2,3750
3104,1,NA,NA,NA,3750
3148,1,NA,NA,NA,3750
3152,1,1,6,2,3750
3409,0,0,NA,NA,3750
3068,0,NA,NA,NA,3750
3083,1,2,5,2,3750
3056,1,2,6,3,3750
3085,0,1,4,1,3750
3109,1,1,NA,NA,3750
3155,1,1,6,3,3750
3055,1,1,5,2,3750
3063,1,NA,NA,NA,3750
3070,1,1,5,2,3750
3041,1,1,NA,NA,3750
3027,NA,1,5,1,3750
3147,NA,1,6,2,3750
2985,1,1,5,2,3750
3024,1,2,6,2,3750
2950,1.2,1,5,2,3750
3019,0,1,5,2,3750
2958,1,NA,NA,NA,3750
2960,NA,NA,NA,NA,3750
2984,0,1,5,2,3750
3812,NA,NA,NA,NA,3750
2991,1,1,5,2,3750
3011,1,1,5,2,3750
2944,1,NA,NA,NA,3750
3001,0,1,5,2,3750
2970,NA,NA,NA,NA,3750
2943,1,1,5,1,3750
2848,1,1,NA,NA,3750
2905,1,1,6,4,3750
2773,NA,NA,NA,NA,3750
2917,NA,NA,NA,NA,3750
2759,1,1,NA,NA,3750
2882,NA,NA,NA,NA,3750
2875,NA,NA,NA,NA,3750
3140,1,1,7,4,3750
3142,1,2,6,3,3750
2841,1,NA,NA,NA,3750
2863,2.4,3,6,3,3750
2865,NA,NA,NA,NA,3750
4037,NA,NA,NA,NA,3750
2727,1,1,6,2,3750
4029,3,2,6,3,3750
4041,1,1,5,2,3750
4051.1,2,2,6,5,3750
4051.2,NA,1,6,4,3750
2738,2,2,5,3,3750
2816,2,3,6,4,3750
4015,NA,NA,NA,NA,3750
4018,1,1,6,2,3750
2745,1,1,5,2,3750
2817,1,1,NA,NA,3750
3949,NA,1,5,2,3750
3135,NA,1,5,2,3750
4012,1,2,6,3,3750
4021,1,2,6,3,3750
3921,3,NA,NA,NA,3750
2807,1,NA,NA,NA,3750
2824,1,2,5,2,3750
2696,1,1,5,2,3750
4016,NA,NA,NA,NA,3750
4027,NA,NA,NA,NA,3750
4028,NA,NA,NA,NA,3750
2710,1,1,5,2,3750
2764,1,1,6,3,3750
3992,1,1,6,3,3750
4004,1,3,6,2,3750
2828,1,NA,NA,NA,3750
4009,1,1,5,3,3750
2665,1,1,5,1,3750
2703,1,1,7,4,3750
3966.1,2.2,2,6,2,3750
3966.2,2,1,5,2,3750
2693,1,1,5,2,3750
3883,1,1,6,3,4000
3892,1,1,NA,NA,4000
3901,1,1,5,2,4000
2706,0,3,6,4,4000
2797,0,1,6,2,4000
2687,1,NA,NA,NA,4000
3798,1,1,5,2,4000
3030,1,1,5,2,4000
3887,NA,1,6,2,4000
2641,1,NA,NA,NA,4000
2659,1,3,6,3,4000
2660,2,2,5,3,4000
4010,1,1,5,2,4000
2831,1,NA,NA,NA,4000
3789,1,1,5,2,4000
2796.1,1,1,6,2,4000
2796.2,1,NA,NA,NA,4000
3880,1,NA,NA,NA,4000
3899,NA,NA,NA,NA,4000
2630,1,1,5,1,4000
3787,1,NA,NA,NA,4000
3830,NA,NA,NA,NA,4000
3831,1,1,5,2,4000
3835,1,1,4,1,4000
3923,0,3,4,2,4000
3987,0,3,6,3,4000
2624,1,1,5,2,4000
3829,1,NA,5,2,4000
3969,1,3,5,3,4000
4001,1,1,4,2,4000
2616,1,1,6,2,4000
2653,1,1,NA,NA,4000
3879,1,2,5,2,4000
3854,1,NA,NA,NA,4000
3989,1,1,5,3,4000
3972,1,0,4,1,4000
3833,1,1,6,2,4000
3960,1,1,5,3,4000
3962,1,1,5,2,4000
3834,1,1,NA,NA,4000
3961,NA,1,5,3,4000
3938,NA,NA,NA,NA,4000
3952,NA,1,5,2,4000
2605,1,NA,NA,NA,4000
2615,1,0,5,2,4000
2619,1,1,6,3,4000
3954,3,1,5,2,4000
3979,0,1,6,3,4000
3986,1,1,NA,NA,4000
3855.1,1,1,5,2,4000
3855.2,NA,1,5,2,4000
3963.1,0,1,5,2,4000
3963.2,1,1,NA,NA,4000
3977,1,1,6,2,4000
3935,1,1,6,3,4000
3974,NA,1,5,2,4000
2634,1,NA,NA,NA,4000
3957,NA,1,4,1,4000
3941,1,1,5,2,4000
3866,1,1,5,2,4000
3786,1,1,4,1,4000
3870,2.2,1,5,2,4000
3808,1,1,5,2,4000
2604,1,NA,NA,NA,4000
3867,1,1,6,2,4000
3875,1,1,NA,NA,4000
3863.1,1,1,6,2,4000
3863.2,1,NA,NA,NA,4000
3773,1,1,5,2,4000
3776,1,2,6,3,4000
2594,NA,NA,NA,NA,4000
2590,0,0,5,0,4000
3764,1,1,6,2,4000
3801,1,1,6,3,4000
2601,1,1,4,1,4250
2580,0,1,5,2,4250
2589,NA,1,5,1,4250
3842,1,1,5,2,4250
3727,1,3,6,NA,4250
3821,1,1,5,2,4250
3822,1,1,5,2,4250
2577,1,1,5,2,4250
3741,1,2,5,2,4250
3749,1,2,5,3,4250
3698,1,1,4,1,4250
2568,NA,1,5,2,4250
3752,NA,1,7,1,4250
3551,1,2,6,2,4250
3010,0,1,NA,NA,4250
2557,0,1,5,2,4250
3724,1,1,6,2,4250
3772,1,1,4,1,4250
3774,1,1,5,2,4250
3858,1,1,6,2,4250
3934,1,1,6,2,4250
2554,1,NA,NA,NA,4250
3732,1,1,4,1,4250
3581.1,1,2,5,2,4250
3581.2,1,1,5,2,4250
3581.3,1,1,6,4,4250
3548,1,1,NA,NA,4250
3006,NA,NA,NA,NA,4250
3677,1,1,5,1,4250
2561,NA,NA,NA,NA,4250
3590,1.6,1,5,2,4250
3591,1,1,5,2,4250
3604,1,1,5,2,4250
3598,1,1,5,2,4250
2999,NA,NA,NA,NA,4250
3550,1,1,5,1,4250
3582.1,1,1,5,2,4250
3582.2,NA,1,NA,NA,4250
3609,1,1,NA,NA,4250
3601.1,1.6,NA,NA,NA,4250
3601.2,1,1,4,1,4250
3627,1,1,5,2,4250
3646,1,1,5,2,4250
3570,1,1,5,2,4250
3645,NA,NA,NA,NA,4250
3676,NA,1,5,3,4250
3557,1,1,7,2,4250
3614,2.2,1,6,2,4250
3036,1,1,5,2,4250
3615,1,1,5,3,4250
3665,NA,1,6,2,4250
3688,1,NA,NA,NA,4250
3965,1,1,4,1,4250
2996,1,1,5,2,4250
3697,1,1,6,2,4250
2547,1,1,6,2,4250
3566,NA,1,5,2,4250
3567.1,1,1,5,2,4250
3567.2,1,1,5,2,4250
3605,NA,NA,NA,NA,4250
3685.1,1,1,NA,NA,4250
3685.2,1,1,4,1,4250
3612,1,1,5,2,4250
3634,1,2,6,3,4250
3580,2.2,1,6,3,4250
3722,1,1,6,4,4250
2493,1,NA,NA,NA,4500
2494,1,1,4,1,4500
2496,1,1,NA,NA,4500
2497,1,1,5,2,4500
2499,1,NA,NA,NA,4500
3495,0,1,5,3,4500
3513,1,3,6,3,4500
3657.1,1,1,2,1,4500
3657.2,1,1,6,2,4500
2636,1,1,6,1,4500
3515,1,2,6,2,4500
2540,2,1,7,3,4500
3501,1,1,5,1,4500
3522,1,NA,NA,NA,4500
78,NA,NA,NA,NA,4500
3464,1,1,5,2,4500
2501,1,1,6,2,4500
3484,NA,1,NA,NA,4500
2520,0,1,4,1,4500
2526,NA,NA,NA,NA,4500
2531,1,0,5,2,4500
3428,NA,1,5,2,4500
3425,1,1,NA,NA,4500
3383,1,1,5,2,4500
2643,1,1,NA,NA,4500
3375,1,1,NA,NA,4750
3400,NA,NA,NA,NA,4750
2553,1,NA,NA,NA,4750
3415,NA,NA,NA,NA,4750
3394,1,1,NA,NA,4750
3370,0,1,5,2,4750
2596,NA,NA,NA,NA,4750
2570,1,0,5,2,4750
3351,NA,1,6,3,4750
3446,NA,1,5,2,4750
3639,NA,NA,NA,NA,4750
3360,1,1,5,2,4750
3343,1,1,6,2,4750
3350,1,1,5,2,4750
3352,1,1,5,2,4750
3365,NA,1,5,2,4750
3303,1,NA,NA,NA,4750
3321,1,1,6,3,4750
3268,1,1,4,1,4750
3265,1,NA,NA,NA,4750
3308,1,1,6,2,4750
3336,1,1,NA,NA,4750
3310,NA,1,5,4,4750
2514,1,1,5,2,4750
3262,1,1,NA,NA,4750
3259,1,NA,NA,NA,4750
3282,1,1,NA,NA,4750
3317,1,1,5,2,4750
3264.1,1,1,5,3,4750
3264.2,1,NA,NA,NA,4750
3291,NA,1,NA,NA,4750
2528,1,1,5,2,4750
3221,NA,1,NA,NA,4750
3225.1,NA,NA,NA,NA,4750
3225.2,NA,NA,NA,NA,4750
2529,0,1,5,2,4750
3172,1,1,5,2,4750
3216,NA,1,4,1,4750
2537,NA,NA,NA,NA,4750
3195,1,1,4,1,4750
3201,NA,NA,NA,NA,4750
3231,1,3,6,2,4750
3164,NA,NA,NA,NA,4750
3168,1,NA,NA,NA,4750
3187,1,1,5,2,4750
3423,1.8,1,5,2,4750
3219,1,1,5,2,4750
3211,1,1,6,4,4750
3153,1,NA,NA,NA,4750
3101,NA,NA,NA,NA,4750
3121,0,1,6,NA,4750
2515,1,1,5,2,4750
3114,1,0,4,1,4750
3123,NA,1,NA,NA,4750
3306,1,NA,NA,NA,4750
3323,1,1,NA,NA,4750
3119,1,1,5,2,4750
3207,1,1,5,2,4750
2490,NA,1,4,1,4750
3094,NA,NA,NA,NA,4750
2489,NA,NA,NA,NA,4750
3096,NA,NA,NA,NA,5000
3451,1,1,5,2,5000
3046,1,NA,NA,NA,5000
3026,NA,1,5,2,5000
3051,NA,NA,NA,NA,5000
3060,1,1,4,1,5000
3049,1,1,NA,NA,5000
2509,1,1,5,2,5000
3338,1,1,5,2,5000
3339,1,1,5,1,5000
3072,NA,1,5,2,5000
3127,1,NA,NA,NA,5000
2263,1,1,4,1,5000
3039,1,NA,NA,NA,5000
3141,1,1,6,2,5000
3205,1,NA,NA,NA,5000
3214,0,1,5,2,5000
3471,1,1,5,2,5000
3009,1,NA,NA,NA,5000
3346,0,1,6,2,5000
3054,1,1,5,2,5000
3062,NA,NA,NA,NA,5000
3286,0,1,5,2,5000
3314,1,1,5,2,5000
2264,1,1,5,2,5000
3000,NA,NA,NA,NA,5000
2987,0,1,6,2,5000
3285,1,1,4,1,5000
3076,1,1,5,2,5000
2972,1,0,4,1,5000
2989,0,1,4,1,5000
3020,2.4,1,5,2,5000
2968,2.2,1,7,3,5000
2982,1,1,6,2,5000
3470,1,2,5,2,5000
3079,1,1,5,2,5000
3489,1,2,5,2,5000
3472,1,NA,NA,NA,5000
2673,3,3,6,4,5000
2969,1,1,5,2,5000
2815,1,1,5,2,5000
3490,NA,NA,NA,NA,5000
2811,1,NA,NA,NA,5000
2771,3,3,6,4,5000
2928,1,NA,NA,NA,5000
2940,1,1,5,2,5000
2947,1,1,5,2,5000
3488,NA,NA,NA,NA,5000
3494,1,1,6,2,5000
2711,NA,1,5,1,5000
2951,NA,NA,NA,NA,5000
2793,0,1,6,2,5000
2856,3,3,6,5,5000
2834,NA,NA,NA,NA,5000
2923,1,1,5,2,5000
2701,1,1,6,2,5000
2707,0,1,5,2,5000
2809,3,3,5,3,5000
3182,1.6,1,5,2,5000
3023,NA,NA,NA,NA,5000
3178,1,2,5,1,5000
2822,3,3,5,3,5000
2829,3,3,6,4,5000
2698,0,1,4,1,5000
2598,3,3,6,5,5000
2614,3,3,5,3,5000
2627,3,3,6,5,5000
2808,3,3,5,2,5000
2825,3,3,5,4,5000
2883,3,3,NA,NA,5000
3189,1,1,NA,NA,5000
2491,3,NA,NA,NA,5000
2666,3,3,6,5,5000
3133,3,3,6,5,5000
2224,3,3,6,4,5000
2704,1,1,NA,NA,5000
2571,3,3,5,2,5000
2584,3,3,6,5,5000
2649,3,3,NA,NA,5000
2272,3,3,6,5,5000
2567,3,3,6,5,5000
2906,3,3,NA,NA,5000
3241,NA,NA,NA,NA,5000
2914,3,NA,NA,NA,5000
2915,3,3,NA,NA,5000
2270,3,3,5,4,5000
2896,3,3,NA,NA,5000
2611,3,3,6,5,5000
2275,NA,NA,NA,NA,5000
2276,3,3,6,5,5000
2271,3,3,6,5,5250
2873,3,3,6,5,5250
2911,3,3,5,4,5250
2265,3,3,5,4,5250
2545,3,3,5,3,5250
2638,3,3,NA,NA,5250
2681,3,3,5,3,5250
2802,3,3,6,4,5250
2221,3,3,7,5,5250
2682,3,3,6,5,5250
2735,3,3,5,3,5250
2543,3,3,7,5,5250
2536,3,3,7,6,5250
2847,3,NA,NA,NA,5250
2860,3,3,5,4,5250
2579,3,NA,NA,NA,5250
2527,3,3,6,5,5250
2551,3,3,6,5,5250
2683,3,NA,NA,NA,5250
2739,3,3,5,4,5250
3075,3,3,NA,NA,5250
3095,3,3,5,2,5250
2603,3,3,NA,NA,5250
2854,3,NA,NA,NA,5250
2871,3,3,NA,NA,5250
2273,3,3,5,4,5250
2850,3,NA,NA,NA,5250
2512.1,3,3,6,5,5250
2512.2,3,3,6,5,5250
2689,3,3,NA,NA,5250
2495,3,NA,NA,NA,5250
2517,3,3,6,5,5250
2671,3,3,6,5,5250
2664,3,NA,NA,NA,5250
2674,3,3,6,5,5250
2223,3,3,6,4,5250
2492,3,3,6,5,5250
2500,3,3,7,6,5250
2503,3,3,6,5,5250
2685,3,3,5,3,5250
2676,3,3,7,5,5250
2625,3,3,6,5,5250
2626,3,3,6,5,5250
2788,3,3,6,3,5250
2713,3,3,NA,NA,5250
2786,3,2,NA,NA,5250
2799,3,3,NA,NA,5250
2691,3,3,5,3,5250
2680,3,3,5,3,5250
2804,3,3,NA,NA,5250
2813,3,3,6,4,5250
2795,3,3,5,4,5250
2974,3,NA,NA,NA,5250
2971,3,3,6,5,5250
3008.1,3,3,NA,NA,5250
3008.2,3,3,5,4,5250
2992,3,3,5,3,5250
2993,3,3,6,5,5250
3002,3,3,5,4,5250
2573,3,3,6,5,5250
2592,3,3,6,5,5250
2728,3,3,NA,NA,5250
2533,3,3,NA,NA,5250
2898,3,3,6,4,5250
2600,3,1,NA,NA,5250
2602,3,NA,NA,NA,5250
2948,3,3,NA,NA,5250
2750,3,3,NA,NA,5250
2486,3,3,5,NA,5250
2488,3,3,NA,NA,5250
2513,NA,NA,NA,NA,5250
2768.1,3,3,5,2,5250
2768.2,3,3,NA,NA,5250
2201,3,3,7,6,5250
2522,3,2,NA,NA,5250
2774,3,3,6,4,5250
2777.1,3,3,NA,NA,5250
2777.2,3,2,NA,NA,5250
2523,3,3,NA,NA,5250
2544,3,3,6,5,5250
2741,3,3,6,4,5250
2763,3,3,6,3,5250
2485,3,2,NA,NA,5250
2200,3,3,5,3,5250
2483,3,3,6,4,5250
2781,3,3,6,4,5250
2484,3,3,6,5,5250
2740,3,3,5,4,5250
2936.1,3,3,6,4,5250
2936.2,3,3,6,5,5250
2932,3,3,6,4,5250
2163,3,3,6,4,5250
2930,3,3,NA,NA,5250
2228,3,3,6,3,5250
2516,3,3,6,3,5250
2736,3,3,6,5,5250
2737,3,3,6,3,5250
2747,3,NA,NA,NA,5250
2227,3,3,6,4,5500
2482,3,3,6,4,5500
2502,3,3,NA,NA,5500
2748,3,3,6,5,5500
2231,3,NA,NA,NA,5500
2471,3,3,NA,NA,5500
2477,3,3,6,5,5500
2479,3,3,6,4,5500
2487,3,NA,NA,NA,5500
2180,3,1,6,5,5500
2222,3,3,6,4,5500
2476,3,3,5,3,5500
2478,3,3,NA,NA,5500
2449,3,3,6,5,5500
2450,3,3,5,3,5500
2456,3,3,6,4,5500
2498,3,3,6,4,5500
2746,3,3,NA,NA,5500
2918,3,1,5,4,5500
2230,3,3,5,3,5500
2448,3,3,6,5,5500
2458,3,3,6,5,5500
2474,3,3,6,5,5500
2457,3,3,6,4,5500
2729,3,3,6,4,5500
2756,3,3,5,2,5500
2226,3,3,5,3,5500
2459,3,NA,6,NA,5500
2475,NA,NA,NA,NA,5500
2751,3,3,5,3,5500
2753,3,3,5,3,5500
2755,3,3,7,6,5500
2758,NA,NA,NA,NA,5500
2454,3,3,6,4,5500
2455.1,NA,3,NA,NA,5500
2455.2,3,3,6,5,5500
2452,3,NA,5,4,5500
2453,3,3,NA,NA,5500
2749,3,3,6,5,5500
2451,3,3,5,3,5500
2904,3,3,6,5,5500
2723,3,3,6,5,5500
2900.1,3,NA,NA,NA,5500
2900.2,NA,3,NA,NA,5500
2900.3,3,3,6,4,5500
2900.4,NA,3,6,4,5500
2473,NA,NA,NA,NA,5500
2446,NA,NA,NA,NA,5500
2447,3,3,NA,NA,5500
2460,NA,NA,NA,NA,5500
2461,NA,NA,NA,NA,5500
2469,3,NA,NA,NA,5500
2470,3,NA,NA,NA,5500
2724,3,3,5,4,5500
2324,3,3,5,3,5500
2326,3,3,5,3,5500
2229,3,3,7,6,5500
2179,3,3,6,3,5500
2185,3,3,6,4,5500
2435,3,3,6,5,5500
2436,3,3,5,3,5500
2437,NA,NA,NA,NA,5500
2438,3,3,5,4,5500
2439,3,NA,NA,NA,5500
2444,3,3,6,5,5500
2445,3,3,6,5,5500
2463,3,3,6,5,5500
2472,3,3,6,4,5500
2480,NA,NA,NA,NA,5500
2241,3,2,5,3,5500
2442,3,3,6,4,5500
2207,3,3,6,5,5500
2328,3,1,5,2,5500
2440,3,2,5,3,5500
2441,3,NA,NA,NA,5500
2204,3,3,5,4,5500
2234,3,3,NA,NA,5500
2443,3,3,5,4,5500
2235,3,3,5,4,5500
2321,3,3,6,5,5500
2320,3,3,5,3,5500
2202,3,3,5,3,5500
2462,3,3,6,5,5500
2468,3,2,6,4,5500
2299,3,3,6,5,5500
2313.1,3,3,6,5,5500
2313.2,3,3,5,3,5500
2181,3,3,6,4,5500
2430,3,3,5,3,5500
2257,3,3,6,5,5500
2306,3,3,NA,NA,5500
2311,3,3,5,3,5500
2236,NA,NA,NA,NA,5500
2232,3,3,6,5,5500
2233,3,3,6,5,5500
2300,3,3,6,5,5500
2302,3,3,5,4,5500
2304,NA,NA,NA,NA,5500
2310,3,3,5,3,5500
2177,3,3,6,4,5500
2238,3,3,6,5,5500
2329,3,2,5,4,5500
2464,NA,NA,NA,NA,5500
2465,3,3,NA,NA,5500
2466,NA,NA,NA,NA,5500
2467,3,3,6,5,5500
2434,3,NA,NA,NA,5500
2183,3,3,5,4,5500
2197,3,3,6,5,5500
2225,3,3,NA,NA,5500
2237,3,3,NA,NA,5500
2303,3,3,5,4,5500
2431,3,3,6,5,5500
2301,3,3,5,4,5500
2203,3,NA,NA,NA,5500
2240,3,2,5,4,5500
2292,3,3,NA,NA,5500
2294,3,3,5,3,5500
2314,3,1,NA,NA,5500
2433,NA,NA,NA,NA,5500
2199,3,3,5,3,5500
2205,3,3,6,5,5500
2206,3,3,6,5,5500
2198,3,3,6,5,5500
2293,3,3,5,4,5500
2298,3,3,5,3,5500
2297,3,3,NA,NA,5500
2305,3,3,6,5,5500
2239,3,3,5,4,5500
2432,3,2,7,5,5500
2284,NA,NA,NA,NA,5500
2259,3,2,6,4,5500
2178,3,3,5,4,5500
2307,3,3,NA,NA,5500
2175,3,3,6,5,5500
2283,3,3,5,3,5500
2261,3,3,NA,NA,5500
2196,3,3,6,4,5500
2195,3,3,6,4,5500
2277,3,3,6,5,5500
2279,3,3,6,5,5750
2193,3,2,NA,NA,5750
2260,3,NA,NA,NA,5750
2253,3,3,6,5,5750
2280,NA,NA,NA,NA,5750
2281,NA,NA,NA,NA,5750
2258,3,NA,NA,NA,5750
2186,3,3,6,4,5750
2308.1,3,3,6,5,5750
2308.2,3,NA,NA,NA,5750
2182,NA,NA,NA,NA,5750
2184,3,3,6,5,5750
2191,3,3,6,4,5750
2176,NA,NA,NA,NA,5750
2278,3,3,5,4,5750
2189,NA,NA,NA,NA,5750
2282,3,3,6,5,5750
2190,3,3,6,5,5750
2309,3,3,5,3,5750
2194,3,3,6,4,5750
2254,3,3,6,5,5750
2255,3,2,6,4,5750
2256,3,3,NA,NA,5750
2188,3,3,6,4,5750
2322,3,3,7,5,5750
2312,NA,NA,NA,NA,5750
2169,3,3,6,4,5750
2167,3,3,NA,NA,5750
2192,3,2,NA,NA,5750
2251,3,3,NA,NA,5750
2170,3,3,6,5,5750
2168,3,3,NA,NA,5750
2262,3,3,6,4,5750
2252,3,3,NA,NA,5750
2187,3,3,6,4,5750
2154,3,3,NA,NA,5750
2158,3,2,5,3,5750
2156,3,2,NA,NA,5750
2157,3,3,6,3,5750
2097,3,3,5,3,5750
2155,3,3,NA,NA,5750
2090,3,2,5,4,5750
2091,3,3,6,4,6000
2093,3,3,6,5,6000
2132,3,3,6,5,6000
2074,3,3,6,5,6000
2098,3,2,5,3,6000
2134,3,3,6,4,6000
2072,3,3,5,3,6000
2102,3,3,NA,NA,6000
2105,3,3,5,3,6000
2135,3,NA,NA,NA,6000
2131,3,3,6,3,6000
2062,3,2,5,3,6000
2064,NA,NA,NA,NA,6000
2133,3,3,6,3,6000
2063,3,3,6,4,6000
2092,3,3,5,3,6000
2073,3,3,5,3,6000
2071,3,3,5,3,6000
2061,3,3,6,4,6000
2005,3,3,5,3,6000
2043,3,NA,NA,NA,6000
2041,3,3,6,4,6000
2103,3,NA,NA,NA,6000
2025,NA,NA,NA,NA,6000
2004,3,3,5,3,6000
2001,3,NA,NA,NA,6000
2002,3,3,NA,NA,6000
2060,3,3,6,4,6000
2040,3,3,NA,NA,6000
2059,3,NA,NA,NA,6000
2003,3,3,NA,NA,6000
2024,3,3,NA,NA,6000
1965,3,NA,NA,NA,6000
2023,3,3,6,4,6000
2038,3,NA,NA,NA,6000
2039,3,3,6,4,6000
2044,3,3,5,2,6000
2045,3,3,NA,NA,6000
1964,3,3,6,5,6000
1972,NA,NA,NA,NA,6000
2027,3,3,5,2,6000
2026,3,3,6,5,6000
2042,NA,2,6,3,6000
1948,3,NA,NA,NA,6000
1949,3,3,7,5,6000
2521,NA,NA,NA,NA,6000
1939,3,3,NA,NA,6000
1947,3,NA,NA,NA,6000
1941,NA,3,NA,NA,6000
1969,3,NA,NA,NA,6000
1987,3,1,6,3,6000
1942,3,3,6,4,6000
1973,3,3,6,5,6000
1970,3,3,6,4,6000
1986,NA,NA,NA,NA,6000
64,3,3,6,4,6250
1974,3,NA,NA,NA,6250
1971,NA,3,NA,NA,6250
2000,3,3,6,4,6250
65,NA,NA,NA,NA,6250
1940,3,NA,NA,NA,6250
1966,3,1,5,2,6250
1967,3,3,6,3,6250
1892,3,3,6,4,6250
1891,3,3,NA,NA,6250
1924,3,3,5,4,6250
1911,3,3,5,3,6250
1912,3,NA,NA,NA,6250
1913,3,3,5,3,6250
1922,3,NA,NA,NA,6250
1915,3,3,5,3,6250
1914,3,2,NA,NA,6250
1920,3,3,6,3,6250
1889,3,1,5,2,6250
1885,3,3,5,3,6250
1890,3,1,6,3,6250
1923,3,NA,NA,NA,6250
1863,3,3,NA,NA,6250
1898,3,3,6,5,6250
1897,3,NA,NA,NA,6250
1888,3,3,5,3,6250
1861.1,3,NA,NA,NA,6250
1861.2,3,NA,NA,NA,6250
1859,3,2,6,4,6250
1862,3,NA,NA,NA,6250
1895,3,NA,NA,NA,6250
1886,3,NA,NA,NA,6250
1896,3,2,NA,NA,6250
1887,3,3,5,3,6250
1860,3,NA,NA,NA,6250
1774,3,3,5,3,6250
1742,3,3,NA,NA,6250
1764,3,2,5,3,6250
1765,3,2,5,3,6250
1766,3,3,6,4,6250
1768,3,NA,NA,NA,6250
1767,NA,NA,NA,NA,6250
1775,3,3,6,4,6250
1803,3,NA,NA,NA,6250
1820,3,NA,NA,NA,6250
1818,3,3,6,4,6250
1736,3,3,6,4,6250
1800.1,3,3,6,5,6250
1800.2,3,NA,NA,NA,6250
1801,3,NA,NA,NA,6250
1804,3,3,6,4,6250
1837,3,3,6,4,6250
1821,3,3,5,3,6250
1822,3,NA,NA,NA,6250
1835,3,3,6,4,6250
1802,3,NA,NA,NA,6250
1819,3,3,5,3,6250
1836,3,3,5,3,6250
1734,3,2,6,2,6250
1735,3,1,5,3,6250
1757,3,3,5,3,6250
1756,3,3,5,3,6250
1705,3,3,5,3,6500
1733,NA,NA,NA,NA,6500
1677,3,3,5,4,6500
1723,3,NA,NA,NA,6500
1688,3,NA,NA,NA,6500
1661,3,1,5,4,6500
1659,3,NA,NA,NA,6500
1707,3,1,5,3,6500
1689,3,3,5,3,6500
1722,3,3,5,3,6500
1717,3,NA,NA,NA,6500
1675,3,3,NA,NA,6500
1676,3,2,5,4,6500
1678,3,1,5,3,6500
1706,3,3,NA,NA,6500
1724,3,3,6,4,6500
1660,3,2,5,3,6500
1704,3,3,5,4,6500
1630.1,3,3,5,4,6500
1630.2,3,NA,NA,NA,6500
1628,3,2,5,3,6500
1627,3,3,5,3,6500
1647,3,3,5,3,6500
1649,3,3,5,3,6500
1648,3,3,NA,NA,6500
1631,3,1,5,3,6500
1629,3,1,NA,NA,6500
1632,NA,NA,NA,NA,6500
1607,3,1,5,3,6500
1612,3,3,6,4,6500
1570.1,3,3,5,4,6500
1570.2,3,3,NA,NA,6500
1572,NA,NA,NA,NA,6500
1573,3,3,5,3,6500
1584,3,1,5,3,6500
1548,3,1,NA,NA,6500
1587,3,3,5,3,6500
1576,3,1,5,3,6750
1604,3,3,5,3,6750
1549,3,3,5,3,6750
1571,3,2,5,3,6750
1585,3,2,5,3,6750
1605,3,2,5,3,6750
1608,3,2,5,3,6750
1552,NA,NA,NA,NA,6750
1553,NA,2,5,2,6750
1586,3,3,5,3,6750
1522,3,2,5,2,6750
1523,3,2,5,3,6750
1546,NA,NA,NA,NA,6750
1491,3,2,5,3,6750
1521,3,2,5,2,6750
1503,3,3,5,3,6750
1504,1,2,6,3,6750
1502,3,NA,NA,NA,6750
1473,3,3,5,3,6750
1470,3,2,5,3,7000
1446,3,3,6,5,7000
1448,3,2,5,2,7000
1449,3,2,5,3,7000
1111,NA,NA,NA,NA,7000
1429,3,3,5,3,7000
1460,3,NA,NA,NA,7000
1447,3,1,5,3,7000
685,3,2,6,2,7000
1434,3,3,5,2,7000
1114,3,2,6,5,7000
1329,3,1,NA,NA,7000
609,3,1,5,2,7000
658,3,2,5,3,7000
606,3,1,5,2,7000
1435,3,NA,NA,NA,7000
1325,3,NA,NA,NA,7000
598,3,3,6,4,7000
1332,3,3,5,2,7000
1426,NA,3,6,3,7000
1427,NA,NA,NA,NA,7000
1428,3,3,5,3,7000
1321,3,1,6,3,7000
607,NA,NA,NA,NA,7000
641,3,2,NA,NA,7000
1323,3,3,6,3,7000
1408,3,3,5,3,7000
1383,3,NA,NA,NA,7000
1404,3,2,5,2,7000
653,3,NA,NA,NA,7000
1409,3,1,5,3,7000
1405.1,3,2,5,3,7000
1405.2,3,3,5,3,7000
1407,3,3,5,2,7000
1421,3,NA,NA,NA,7000
645,3,3,6,4,7000
654,3,3,6,4,7000
1415,3,NA,NA,NA,7000
1416,3,3,6,2,7000
1417,3,3,6,5,7000
1382,3,2,5,3,7000
1386,3,2,NA,NA,7000
1406,3,NA,NA,NA,7000
1422,NA,NA,NA,NA,7000
1396,3,3,6,4,7000
636,3,3,6,4,7000
631,3,3,6,3,7000
576,3,2,6,4,7000
585,3,1,NA,NA,7000
587,3,1,6,3,7000
590,3,3,6,4,7000
619,3,2,6,4,7000
1385,3,2,5,2,7250
595,3,3,6,3,7250
597,3,2,5,2,7250
1387,3,2,5,3,7250
602,3,2,6,2,7250
550,3,2,6,3,7250
553.1,3,NA,NA,NA,7250
553.2,3,2,NA,NA,7250
686,3,NA,NA,NA,7250
1343,3,1,5,2,7250
1384,NA,NA,NA,NA,7250
1340,3,1,5,3,7250
1351,NA,NA,NA,NA,7250
1345,3,2,5,2,7250
536,3,0,5,3,7250
710,3,2,5,2,7250
1337,3,2,5,3,7250
1349,3,NA,NA,NA,7250
706,3,2,5,2,7250
720,3,2,5,2,7250
1339,3,3,5,3,7250
708,3,1,5,1,7250
705,3,1,6,2,7250
1056,3,2,5,2,7500
526,3,2,6,4,7500
527.1,3,2,5,2,7500
527.2,3,3,6,4,7500
1018,3,3,5,3,7500
530,3,2,5,2,7500
515,3,2,6,2,7500
513,3,2,6,3,7500
666,3,1,5,3,7500
510,3,3,NA,NA,7500
511,3,2,NA,NA,7500
1005,3,2,6,3,7500
669,NA,NA,NA,NA,7500
671,3,1,5,3,7500
504,3,3,NA,NA,7500
1025,NA,NA,NA,NA,7500
933,3,NA,NA,NA,7500
506,3,NA,NA,NA,7750
509,3,3,NA,NA,7750
955,3,1,6,3,7750
503,3,3,5,3,7750
960,3,1,NA,NA,7750
970,3,2,5,2,7750
989,3,1,5,3,7750
982,3,NA,NA,NA,7750
983,3,1,6,3,7750
965,3,NA,NA,NA,7750
958,3,NA,NA,NA,7750
895,3,NA,NA,NA,7750
918.1,3,1,5,4,7750
918.2,3,1,6,3,7750
904,3,2,5,3,7750
911,3,1,5,2,7750
999,3,2,5,3,7750
501,3,2,5,2,7750
1084,3,3,6,3,7750
894,3,3,6,4,7750
1080,3,2,5,3,7750
1095,3,1,5,3,7750
1091,3,1,6,2,7750
1088,3,2,5,2,7750
1040,3,2,6,3,7750
1051,3,2,5,2,7750
866,3,1,6,3,7750
873,3,1,5,3,7750
1053,3,2,NA,NA,8000
905,3,2,5,3,8000
884,3,1,5,2,8000
854,NA,NA,NA,NA,8000
881,3,3,5,3,8000
853,3,1,5,2,8000
875,3,1,5,2,8000
847,3,1,5,3,8000
862,3,2,5,3,8000
2295,3,2,6,2,8000
2315,3,1,5,3,8000
2316,3,1,5,2,8000
2317,3,2,6,1,8000
2296,3,1,5,2,8000
785,3,0,5,2,8000
728,3,1,5,3,8000
731,3,NA,NA,NA,8000
2318,3,2,5,3,8250
762,3,3,NA,NA,8250
752,3,1,5,2,8250
757,3,2,5,3,8250
763,3,1,5,2,8250
2218,3,3,5,2,8250
2217,3,1,5,3,8250
729,3,1,6,4,8250
2101,NA,NA,NA,NA,8250
2094,3,2,5,3,8250
2095,3,2,6,4,8250
2128,3,3,5,3,8250
2096,3,2,5,3,8250
2129,3,1,5,3,8250
2130,3,1,5,2,8250
2165,3,1,5,3,8250
2166,3,NA,6,4,8250
2220,3,1,NA,NA,8250
676,NA,NA,NA,NA,8250
677,3,1,6,2,8250
1011,3,NA,NA,NA,8250
1012,3,2,5,3,8250
2216,3,1,6,4,8250
997,3,2,5,3,8250
683,3,1,5,2,8250
693,3,1,5,2,8250
670,3,1,5,2,8250
680,3,1,NA,NA,8250
692,3,2,5,3,8250
1036,NA,NA,NA,NA,8250
1037,NA,NA,NA,NA,8250
583,0,1,5,3,8250
980,3,1,6,5,8250
1041,NA,NA,NA,NA,8250
1042,NA,NA,NA,NA,8250
984,3,NA,NA,NA,8250
985,3,2,5,3,8250
986,1,1,5,2,8250
987,NA,NA,NA,NA,8250
988,3,1,5,3,8250
1048,NA,NA,NA,NA,8250
1049,NA,NA,NA,NA,8250
979,3,1,5,2,8250
990,3,0,5,2,8250
1000,NA,1,6,3,8250
678,NA,NA,NA,NA,8250
1035,NA,NA,NA,NA,8250
648,NA,NA,NA,NA,8250
996,3,1,6,2,8250
626,NA,NA,NA,NA,8250
665,3,1,NA,NA,8250
1027,NA,NA,NA,NA,8250
991,NA,2,5,2,8250
994,3,NA,NA,NA,8250
1021,NA,NA,NA,NA,8250
1022,NA,NA,NA,NA,8250
935,3,1,5,2,8500
936,3,1,5,2,8500
938,3,NA,NA,NA,8500
944,3,NA,NA,NA,8500
952,3,NA,NA,NA,8500
956,3,3,5,3,8500
1020,3,1,5,3,8500
589,3,1,5,2,8500
947,3,3,6,4,8500
951,3,NA,NA,NA,8500
963.1,3,NA,NA,NA,8500
963.2,3,1,6,2,8500
964,3,3,5,3,8500
968.1,3,1,NA,NA,8500
968.2,3,1,5,2,8500
971,3,NA,NA,NA,8500
972.1,3,1,NA,NA,8500
972.2,3,1,5,2,8500
51,3,2,5,2,8500
643.1,3,1,5,2,8500
643.2,3,1,5,3,8500
1102,3,0,5,2,8500
2030,3,1,5,3,8500
622,3,2,5,2,8500
865,3,1,NA,NA,8500
869,3,3,5,3,8500
874,3,2,6,3,8500
876,3,2,5,3,8500
878,3,1,5,3,8500
927,3,1,5,3,8500
899,3,NA,NA,NA,8500
928,3,NA,NA,NA,8500
931,3,1,NA,NA,8500
568,3,NA,NA,NA,8500
908,NA,NA,NA,NA,8500
915,NA,NA,NA,NA,8500
919,3,2,NA,NA,8500
898,3,2,5,2,8500
858,3,1,5,3,8500
849,3,1,5,3,8500
851,3,1,6,2,8500
852,3,0,5,2,8500
855,3,1,6,2,8500
3889,3,3,NA,NA,8500
537,3,1,5,2,8750
3890,3,2,5,3,8750
3910,3,2,6,4,8750
3913,3,3,5,3,8750
3912,1,1,5,2,8750
3926,3,2,NA,NA,8750
3927,3,NA,NA,NA,8750
1019,NA,NA,NA,NA,8750
3874,3,2,6,3,8750
3873,3,1,6,4,8750
3836,3,1,5,2,8750
3849,3,1,5,2,8750
3860,3,NA,NA,NA,8750
3850,3,2,6,3,8750
3837,3,2,NA,NA,8750
3856,3,2,6,4,8750
47,3,2,NA,NA,8750
3840,3,1,5,2,8750
3817,3,NA,NA,NA,8750
788,3,1,6,4,8750
3785,NA,1,NA,NA,8750
3803,3,1,5,3,8750
3784,3,1,5,2,8750
3810,3,1,5,3,8750
3796,3,1,6,3,8750
3797,3,2,NA,NA,8750
735,3,1,5,2,8750
736,3,1,6,2,8750
2323,3,NA,NA,NA,8750
3800,3,1,NA,NA,8750
3748.1,2.2,1,5,2,8750
3748.2,3,1,5,2,8750
3748.3,2.8,1,5,3,8750
765,3,2,6,4,9000
767,3,2,5,3,9000
768,3,NA,NA,NA,9000
770,3,1,5,2,9000
772,3,NA,NA,NA,9000
778,3,1,5,2,9000
3759,3,NA,NA,NA,9000
741,3,2,5,3,9000
745,3,2,NA,NA,9000
746.1,3,1,6,5,9000
746.2,3,2,5,3,9000
747,3,2,5,2,9000
750,3,2,6,4,9000
3669,1,1,5,1,9000
758,3,1,5,2,9000
759,3,2,6,2,9000
760,3,2,6,4,9000
761,3,1,5,2,9000
1719,3,1,5,3,9000
3602,1,2,5,3,9000
3651,3,2,5,3,9000
3631.1,3,1,6,3,9000
3631.2,NA,NA,NA,NA,9000
3739,3,2,6,2,9000
1064,NA,NA,NA,NA,9000
3731,3,1,6,2,9000
1063,NA,NA,NA,NA,9000
3628,3,2,5,3,9000
1059,NA,NA,NA,NA,9000
1060,NA,NA,NA,NA,9000
1083,NA,NA,NA,NA,9000
1093,NA,NA,NA,NA,9000
1103,NA,NA,NA,NA,9000
1105,NA,NA,NA,NA,9000
1108,NA,NA,NA,NA,9000
1109,NA,NA,NA,NA,9000
1119,NA,NA,NA,NA,9000
1718,3,NA,NA,NA,9000
3597,3,2,5,3,9000
3599,3,1,NA,NA,9000
3569,3,2,NA,NA,9000
3587,3,2,6,5,9000
722,3,NA,NA,NA,9000
1708,3,1,5,3,9000
1699,2.2,NA,NA,NA,9000
582,3,1,5,2,9000
1698,3,0,5,2,9000
1666,3,NA,NA,NA,9000
715,3,1,6,4,9000
1664.1,3,0,6,2,9000
1664.2,3,2,5,2,9000
1664.3,NA,NA,NA,NA,9000
1701,3,1,5,3,9000
1665,3,1,6,2,9000
3574,3,2,5,3,9000
1703,3,NA,NA,NA,9000
719,3,2,5,3,9000
1658,3,2,5,3,9000
3509,3,2,6,4,9000
714,3,1,5,2,9000
1700,3,2,6,3,9000
3508,3,1,6,4,9000
3607,3,1,6,4,9000
3523,3,1,6,4,9000
3554,3,1,6,3,9000
1702,3,2,5,3,9000
1679,3,NA,NA,NA,9000
3537,3,1,4,2,9000
1070,2.2,2,5,2,9000
1071,NA,NA,NA,NA,9000
1072,NA,NA,NA,NA,9000
1073,NA,NA,NA,NA,9000
1076,NA,NA,NA,NA,9000
3483,3,1,NA,NA,9000
3478,3,2,5,2,9000
3480,3,1,5,3,9000
698,3,2,6,4,9000
3457,3,1,5,2,9250
567,2.4,1,NA,NA,9250
3450,2.4,1,6,2,9250
3469,3,1,6,2,9250
3436.1,3,1,5,3,9250
3436.2,3,2,6,2,9250
3455,3,0,5,2,9250
3459,3,1,6,3,9250
1935,3,1,5,2,9250
1936,1,1,5,3,9250
1937,3,1,5,3,9250
3498,3,3,5,3,9250
1926,3,2,5,2,9250
3444,3,1,5,2,9250
1925,3,NA,NA,NA,9250
44,3,1,6,2,9250
1980,3,2,6,3,9250
1979,3,2,6,4,9250
1981,NA,NA,NA,NA,9250
1899,3,1,6,3,9250
1906,3,1,6,5,9250
45,3,2,5,3,9250
1975,3,NA,NA,NA,9250
1917,3,1,6,4,9250
1968,3,1,5,2,9250
1953,3,NA,NA,NA,9250
1963,1,0,5,2,9250
1950,3,1,NA,NA,9250
1894,3,1,6,3,9250
1952,3,1,NA,NA,9250
1959,3,1,NA,NA,9250
1654,2.2,2,6,4,9250
1655,NA,NA,NA,NA,9250
1641,3,2,5,3,9500
1640,3,1,5,3,9500
1943,NA,1,6,5,9500
1880,3,1,5,3,9500
1893,3,1,5,3,9500
1951,3,2,5,4,9500
1635.1,3,2,5,3,9500
1635.2,3,2,5,3,9500
1635.3,3,1,5,3,9500
1635.4,3,1,6,2,9500
1639,3,1,6,4,9500
1642,3,1,5,3,9500
1839,3,1,5,2,9500
1847,3,NA,NA,NA,9500
1848,3,1,6,4,9500
1876,3,1,5,2,9500
1881,3,1,NA,NA,9500
1636,3,1,5,2,9500
1918,3,2,5,3,9500
1624,3,1,5,2,9500
1854,3,1,5,2,9500
1855,NA,1,6,3,9500
1864,3,2,5,3,9500
1865,3,2,5,3,9500
1872,3,1,6,3,9500
1873,3,3,5,3,9500
1875,3,NA,NA,NA,9500
1857,3,1,5,3,9500
1815,2.4,NA,NA,NA,9500
1838,2,1,5,3,9500
1814,NA,NA,NA,NA,9500
1798,3,1,5,2,9500
1614,3,NA,NA,NA,9500
1589,3,1,7,4,9500
1812,3,1,5,2,9500
1603,3,1,5,3,9500
1749,3,1,5,3,9500
39,3,1,7,4,9500
1785,1,2,5,3,9500
1784,3,1,5,2,9500
1575,3,NA,NA,NA,9500
1580,3,1,5,2,9500
37,3,1,6,3,9500
1537,3,1,5,3,9500
1738,3,2,5,3,9500
1739,2.4,2,6,3,9500
1776,3,1,6,4,9500
1791,3,1,5,3,9500
1536,NA,NA,NA,NA,9750
1769,3,2,5,3,9750
1773,3,NA,NA,NA,9750
1730,3,2,5,2,9750
1737,1,1,5,3,9750
1747,2.4,1,6,2,9750
1563.1,2,1,6,3,9750
1563.2,3,1,5,2,9750
1574,NA,NA,NA,NA,9750
1748,2.2,NA,NA,NA,9750
1759,3,1,5,2,9750
1760,2.4,2,4,2,9750
1561,3,1,5,2,9750
1745,3,1,5,2,9750
1746,NA,NA,NA,NA,9750
1554,3,2,6,3,9750
1725,3,1,5,3,9750
1726,3,2,5,3,9750
1758,3,2,5,3,9750
40,3,1,5,2,9750
1555,3,2,6,3,9750
1556,3,2,6,4,9750
1525,2.2,2,5,3,9750
1526,NA,NA,NA,NA,9750
1506,2.2,1,5,3,9750
1524,3,1,5,3,9750
1535,3,1,5,2,9750
1494,3,1,6,3,9750
491,3,2,5,3,9750
493,3,2,5,3,9750
1508,2.2,0,5,2,9750
1507,2.8,NA,NA,NA,9750
893,3,3,6,4,9750
2289,2.4,0,5,2,9750
1479,3,2,5,3,9750
551,3,3,5,2,9750
1480,3,2,6,4,9750
1484,3,NA,NA,NA,9750
1485,3,2,5,2,9750
2325,3,NA,NA,NA,9750
2291,2.2,1,6,3,9750
2319,3,1,5,2,9750
494,3,1,6,4,9750
2285,1,1,6,2,9750
2287,2.2,1,5,2,9750
2288,2,2,5,2,9750
2286,3,1,5,NA,9750
547,3,2,6,3,9750
1465,NA,1,5,2,9750
2290,2.2,0,5,2,9750
1492,3,2,6,4,9750
1463,3,1,6,3,9750
1493,3,1,5,2,9750
1469,3,2,5,2,10000
2266,2.2,2,5,3,10000
2268,1,2,5,3,10000
483,3,1,5,2,10000
1459,1.6,0,5,2,10000
2267,NA,1,5,2,10000
479,NA,NA,NA,NA,10000
2053,3,1,5,2,10000
2245,3,1,5,2,10000
2269,2.2,NA,NA,NA,10000
2243,3,1,5,2,10000
1997,3,1,5,2,10000
1998,NA,NA,NA,NA,10000
2247,NA,0,NA,NA,10000
1996,3,NA,NA,NA,10000
35,1.4,1,4,1,10000
1375,1,1,5,3,10000
1389,NA,2,6,5,10000
2162,NA,NA,NA,NA,10000
1336,3,1,5,2,10000
1341,3,1,5,2,10000
1342,1,1,6,2,10000
1350,3,1,6,2,10000
1360.1,3,2,5,3,10000
1360.2,3,2,5,3,10000
1360.3,3,1,5,3,10000
1360.4,3,1,5,3,10000
1360.5,1,1,4,2,10000
1360.6,1,0,5,3,10000
1360.7,3,NA,NA,NA,10000
1360.8,2.2,2,5,3,10000
1360.9,2.4,2,5,3,10000
1374.1,3,1,6,3,10000
1374.2,3,1,6,2,10000
1378,NA,2,6,2,10000
1379.1,3,1,5,3,10000
1379.2,1.6,2,5,3,10000
1379.3,1,1,5,3,10000
1379.4,1.4,2,5,3,10000
1379.5,2.2,1,5,2,10000
1388.1,NA,2,6,4,10000
1388.2,1,1,5,2,10000
1388.3,2.4,1,6,3,10000
1388.4,2.4,1,5,3,10000
1388.5,NA,NA,NA,NA,10000
1388.6,2,1,5,3,10000
1388.7,1,1,5,2,10000
1388.8,1,1,5,2,10000
1392.1,1,1,6,2,10000
1392.2,3,1,6,3,10000
1392.3,1,1,NA,NA,10000
1392.4,1,1,5,3,10000
1392.5,3,2,5,2,10000
1392.6,1,1,6,3,10000
1392.7,1.6,1,6,3,10000
1392.8,3,1,5,3,10000
1392.9,1,1,5,3,10000
1411.05,3,1,6,2,10000
1411.1,2.2,1,5,3,10000
1411.15,3,2,6,2,10000
1411.2,2.2,0,5,3,10000
1411.25,1,1,6,4,10000
1411.3,3,1,6,5,10000
1411.35,3,1,5,2,10000
1411.4,1.6,1,5,3,10000
1411.45,2,0,5,3,10000
1411.5,1,0,6,2,10000
1411.55,1,2,5,3,10000
1411.6,2.2,0,5,2,10000
1411.65,2.2,1,NA,NA,10000
2210,2.2,1,5,3,10000
2211,2,NA,NA,NA,10000
2212,1,1,6,3,10000
2246,3,2,5,3,10000
2035,3,NA,NA,NA,10000
1294.1,2.2,2,6,5,10000
1294.2,2.2,1,5,3,10000
1294.3,1,1,5,3,10000
1313,3,2,NA,NA,10000
2022,3,2,5,2,10000
2138,NA,NA,NA,NA,10000
2139,3,2,6,3,10000
2140,NA,NA,NA,NA,10000
2141,1,2,5,2,10000
2142,3,1,5,3,10000
2143,NA,NA,NA,NA,10000
2144,3,NA,NA,NA,10000
2136,2.2,1,6,2,10000
2214,1,1,5,3,10000
2244,2,1,5,2,10000
1101,2.2,2,7,5,10000
1107,3,0,6,2,10000
1320,1,2,NA,NA,10000
1322,2.4,1,5,3,10000
2249,2.2,1,5,2,10000
2127,NA,NA,NA,NA,10000
2137,3,2,5,2,10000
1317,3,1,5,2,10000
1413,1,1,5,3,10000
1370,NA,NA,NA,NA,10000
1312,3,1,6,4,10000
2215,NA,NA,NA,NA,10000
1443,3,1,6,4,10000
2122,3,NA,NA,NA,10000
2124,1,1,6,3,10000
2172,2.4,0,5,2,10000
1414,NA,NA,NA,NA,10000
2021,2.4,1,6,2,10000
2174,1,1,NA,NA,10000
1304,2.2,1,5,2,10000
1397.1,2.4,1,6,3,10000
1397.2,2.6,2,6,4,10000
2173,3,NA,NA,NA,10000
2034,3,2,6,4,10000
2020,3,2,5,2,10000
2123,3,1,5,2,10000
2250,2.2,1,NA,NA,10000
1330,2.2,1,5,3,10000
2171,3,1,5,2,10000
2242,1,3,5,3,10000
2126,NA,1,6,2,10250
2248,3,2,6,4,10250
1331,NA,1,5,2,10250
2031,1,1,5,2,10250
1089,1.8,1,6,5,10250
1423,2,1,6,3,10250
2208,2.2,1,5,2,10250
2209,0,1,5,3,10250
2213,3,NA,NA,NA,10250
1420,1,1,5,2,10250
1291,3,1,5,3,10250
749,NA,NA,NA,NA,10250
1259,NA,1,5,2,10250
1263,3,NA,NA,NA,10250
2125,3,1,5,2,10250
945,2.2,0,6,2,10250
1273,2.8,1,5,3,10250
1261,3,1,5,2,10250
1813,NA,NA,NA,NA,10250
2099,3,NA,NA,NA,10250
957,3,1,5,2,10250
2085,3,NA,NA,NA,10250
2100,3,NA,NA,NA,10250
2087,3,NA,NA,NA,10250
973,NA,1,5,2,10250
2084,3,0,6,2,10250
2086,1,1,5,2,10250
2089,1.6,NA,NA,NA,10250
962,3,NA,NA,NA,10250
1253,1,NA,NA,NA,10250
2083,1,NA,NA,NA,10250
967,3,2,6,3,10250
929,NA,1,5,2,10250
2088,2.4,2,6,3,10250
2028,1,1,6,4,10250
1281,3,2,5,3,10250
882,3,0,5,2,10250
2033,3,1,6,3,10250
2036,3,1,5,3,10250
2037,3,1,NA,NA,10250
659,3,1,5,2,10250
924,2.2,1,5,2,10250
474,2.2,1,5,2,10250
920,2.2,1,5,1,10250
33,1,1,4,0,10250
912,2.2,1,NA,NA,10250
1054,3,3,6,3,10250
2054,1,1,5,2,10250
1052,1,2,6,3,10250
871,2.6,1,5,2,10250
1393,NA,NA,NA,NA,10250
2029,NA,1,NA,NA,10250
4743,NA,NA,NA,NA,10250
1115,1,1,5,2,10250
1116,1,1,5,2,10250
1118,2.4,1,NA,NA,10250
1122,1,1,6,2,10250
1236,NA,NA,NA,NA,10250
937,3,1,6,3,10250
2010,3,1,5,2,10250
903,3,1,5,2,10250
1023,NA,1,5,3,10250
662,3,3,6,4,10250
897,1,1,5,2,10250
1015,3,1,5,2,10250
2052,1,2,5,2,10250
2007,1,1,5,2,10250
467.1,2.2,2,6,2,10500
467.2,NA,NA,NA,NA,10500
975,2.4,1,6,2,10500
981,3,1,6,2,10500
1029,1.4,1,6,2,10500
1032,3,1,5,2,10500
1026,1,2,5,1,10500
1039.1,2.4,1,5,2,10500
1039.2,NA,1,6,4,10500
2067,2.2,1,5,3,10500
1006,3,2,5,2,10500
1962,NA,NA,NA,NA,10500
1960,3,1,6,2,10500
857,2.2,1,5,3,10500
1932,3,1,5,2,10500
1955,NA,NA,NA,NA,10500
896,1,NA,NA,NA,10500
1930,2.4,1,5,2,10500
1954,1,1,5,2,10500
1242,2.2,NA,NA,NA,10500
1946,1,1,NA,NA,10500
764,2.2,1,5,2,10500
1938,1,1,5,2,10500
753,1,2,NA,NA,10500
1817,3,1,5,3,10500
1808,2.4,1,5,2,10500
2006.1,2.2,1,6,4,10500
2006.2,2,NA,NA,NA,10500
1931,3,0,5,2,10500
1933,NA,NA,NA,NA,10500
1961,1,1,5,1,10500
779,1,1,5,3,10500
1806,1,1,5,2,10500
1829,2.8,1,5,2,10500
1904,2.2,1,6,5,10500
1905,NA,1,5,2,10500
1833,NA,2,5,3,10500
1799,3,1,5,3,10500
1846,3,2,6,4,10500
1850,1,1,6,5,10500
756,1,2,5,3,10500
1811,2.2,1,5,2,10500
1877,1,1,5,2,10500
1845,NA,1,5,2,10500
1849,NA,NA,NA,NA,10500
1871,1,1,6,4,10500
723,3,1,6,3,10500
644,NA,2,5,2,10500
1783,3,1,6,2,10500
691,1.2,1,5,2,10500
1844,2.2,2,6,4,10500
634,1,1,5,3,10500
704,1,1,5,2,10500
742,1,1,5,1,10500
1781,2.4,NA,NA,NA,10500
1874.1,2.2,1,5,2,10500
1874.2,3,1,5,2,10500
667,3,1,5,2,10500
688,2.4,1,6,2,10500
1796,3,1,6,2,10500
638,3,2,5,2,10500
709,NA,NA,NA,NA,10500
630,3,1,6,2,10500
1786,1,1,5,3,10500
1858,2.2,NA,NA,NA,10500
707,2.2,1,5,2,10500
733,3,1,5,2,10500
734,3,1,6,3,10500
1797,3,NA,NA,NA,10500
1834,2.2,NA,NA,NA,10500
31,1.4,1,6,2,10500
684,1,1,5,3,10500
725,2.4,1,5,2,10500
711,3,1,5,2,10500
696,3,1,5,3,10500
699,NA,NA,NA,NA,10500
721,3,1,5,2,10500
652,NA,NA,NA,NA,10500
620,2.6,1,6,2,10500
625,NA,NA,NA,NA,10500
1761,2.2,1,6,5,10500
604,1,2,5,2,10500
610,1,2,5,3,10500
1780,3,1,6,2,10500
1633,NA,NA,NA,NA,10500
1673,3,NA,NA,NA,10500
1687,3,NA,NA,NA,10500
1779,2.2,NA,NA,NA,10500
1762,1,NA,NA,NA,10500
1782,NA,NA,NA,NA,10500
572,NA,NA,NA,NA,10500
1634,NA,NA,NA,NA,10500
1668,3,1,6,2,10500
1685,1.4,1,5,3,10500
1754.1,1,1,5,2,10500
1754.2,1,2,5,3,10500
1731,NA,NA,NA,NA,10500
1752,NA,NA,NA,NA,10500
1670,3,1,5,2,10500
1671,3,NA,NA,NA,10500
1753,3,NA,NA,NA,10500
1729,1,1,5,3,10500
1674,NA,NA,NA,NA,10750
591,NA,NA,NA,NA,10750
1669,2.2,1,5,2,10750
1672,1.4,NA,NA,NA,10750
1755,NA,NA,NA,NA,10750
1667,1,1,NA,NA,10750
1686,NA,1,5,2,10750
593,1,0,5,2,10750
613,NA,1,5,2,10750
110,3,NA,NA,NA,10750
1581,3,1,6,2,10750
32,3,2,5,1,10750
1623,1,NA,NA,NA,10750
1593,3,NA,NA,NA,10750
1622,3,NA,NA,NA,10750
1579,1,1,5,2,10750
1560,1,NA,NA,NA,10750
1547,2.2,NA,5,2,10750
1474,NA,0,4,1,10750
1466,1,1,5,2,10750
1467,2,NA,5,3,10750
1468,1,2,5,3,10750
1472,3,1,6,3,10750
1481,3,1,5,2,10750
1482,2.4,2,6,2,10750
1483,2.2,1,5,2,10750
1509,3,0,5,2,10750
1510,3,2,6,1,10750
1511,3,1,6,2,10750
1512,3,1,5,2,10750
1518,3,1,6,4,10750
1519,1,1,5,3,10750
1520.1,NA,0,5,2,10750
1520.2,NA,NA,NA,NA,10750
1529,3,NA,NA,NA,10750
1530,1.8,1,7,3,10750
512.1,3,1,5,2,10750
512.2,1,1,5,2,10750
523,2.2,1,5,3,10750
528,3,1,5,2,10750
529,3,2,5,2,10750
531,3,NA,NA,NA,10750
534,2.4,1,6,2,10750
539,3,1,6,3,10750
516,3,1,6,4,10750
1452,3,NA,NA,NA,10750
552,3,1,5,2,10750
1355,NA,NA,NA,NA,11000
520,NA,NA,NA,NA,11000
522,1,1,5,2,11000
1418,3,1,6,5,11000
1419,3,1,6,2,11000
1390.2,NA,1,5,2,11000
1410,3,1,5,3,11000
1445,NA,NA,NA,NA,11000
1347,3,NA,NA,NA,11000
1354,2.2,0,5,3,11000
1424,1,1,5,2,11000
1425,NA,NA,NA,NA,11000
1438,3,NA,NA,NA,11000
744,1,2,5,2,11000
30,3,2,6,2,11000
1390.1,2.8,2,6,4,11000
1363,1,NA,NA,NA,11000
1353,3,NA,5,2,11000
1362,1,1,5,2,11000
1276,2,NA,5,2,11000
1306,3,1,NA,NA,11000
1292,3,0,5,2,11000
1277,3,NA,NA,NA,11000
1315,3,2,6,4,11000
1293,3,NA,NA,NA,11000
1314,2.2,2,5,3,11000
482,3,1,NA,NA,11000
1296,3,0,5,2,11000
1284.2,NA,NA,NA,NA,11000
1286,1,1,6,2,11000
1310,3,1,NA,NA,11000
1284.1,NA,NA,NA,NA,11000
1305,3,1,6,3,11000
1308,3,NA,NA,NA,11000
532,1,1,6,3,11000
502,NA,NA,NA,NA,11000
1270,NA,NA,NA,NA,11000
1271,2.2,1,5,2,11000
1272,3,2,5,3,11000
1269,2.4,1,6,3,11000
1364,3,1,6,4,11000
1295,NA,0,5,2,11000
497,3,NA,NA,NA,11000
1280,NA,NA,NA,NA,11000
490,NA,NA,NA,NA,11000
1283,3,2,5,2,11000
486,1,NA,NA,NA,11000
496,NA,NA,NA,NA,11000
1194,1,1,5,2,11000
1186,2.6,NA,NA,NA,11250
1391,3,1,5,3,11250
1190,1,1,5,3,11250
1254,1,NA,NA,NA,11250
1187,3,1,6,2,11250
1209,3,2,5,2,11250
1229,2,1,NA,NA,11250
1230,1,3,6,3,11250
1237,NA,NA,NA,NA,11250
1239,NA,NA,NA,NA,11250
1205,2.2,1,NA,NA,11250
1202.1,1.8,0,5,3,11250
1202.2,3,1,6,5,11250
1183,3,1,5,2,11250
1196,2.2,NA,NA,NA,11250
1255,NA,1,5,3,11250
1199,2.2,1,5,2,11250
1224,3,1,5,3,11250
1193,3,2,5,2,11250
1206,3,1,NA,NA,11250
1225,3,1,5,2,11250
2160,1,0,6,2,11250
2161,1,2,5,3,11250
2159,3,1,6,2,11250
2115,3,NA,NA,NA,11250
2151,NA,NA,NA,NA,11250
2152,NA,NA,NA,NA,11250
635,3,1,5,3,11250
2150,3,1,5,2,11250
1192,3,NA,NA,NA,11250
2075,2,1,5,3,11250
2076,3,2,5,2,11250
2077,2,1,5,3,11250
2078,3,1,5,3,11250
2082,NA,NA,NA,NA,11250
2116,1,1,5,2,11250
2117.1,1,1,5,2,11250
2117.2,3,1,5,2,11250
2118,3,1,5,2,11250
2119,NA,NA,NA,NA,11250
2120,3,1,5,2,11250
2121,2.2,NA,NA,NA,11250
2153,3,1,4,0,11250
2146,3,2,5,3,11250
2081,3,1,5,2,11250
2149,3,1,5,2,11250
1181,NA,NA,NA,NA,11250
1222,1,NA,NA,NA,11250
2108,3,1,5,2,11250
2145,1,1,5,2,11250
2148,2.2,1,5,3,11250
2111,2,1,5,2,11250
2011,1,1,5,2,11250
2147,1,NA,NA,NA,11250
1185,NA,NA,NA,NA,11250
1958,2.4,1,5,3,11250
1977,3,1,5,2,11250
1978,2,1,5,2,11250
1983,3,2,6,3,11250
2012,3,1,6,2,11250
2013,1,1,5,2,11250
2014,1,1,5,2,11250
2015,1,1,5,2,11250
2016,3,2,5,2,11250
2017,2.4,1,6,2,11250
2018,3,1,5,2,11250
2019,3,1,NA,NA,11250
2032,NA,NA,NA,NA,11250
2107,3,2,5,3,11250
2109,3,1,5,2,11250
2113,3,2,5,3,11250
1137,3,1,6,2,11250
1982,1,1,5,2,11250
1092,1,1,5,2,11250
1178,NA,NA,NA,NA,11250
2008,2,3,5,2,11250
1130,1,1,5,3,11500
1136,2.4,1,6,4,11500
1100,1,NA,NA,NA,11500
1180,3,0,6,2,11500
1131,2.4,NA,NA,NA,11500
1143,3,NA,NA,NA,11500
1146,3,2,5,3,11500
1150,1,1,5,2,11500
1159,3,1,5,2,11500
2106,3,1,5,2,11500
1179,1,2,5,2,11500
1138,0,0,5,2,11500
2079,NA,NA,NA,NA,11500
1141,3,1,6,2,11500
1956,NA,NA,NA,NA,11500
2009,2,1,4,2,11500
1999,1,2,5,3,11500
1066,3,1,6,2,11500
2080,NA,NA,NA,NA,11500
2112,1,1,5,2,11500
2114,3,1,5,2,11500
2058,2.2,1,5,2,11500
1992,3,1,5,2,11500
1995,1,NA,NA,NA,11500
2050,3,1,5,2,11500
2051,2.4,1,5,1,11500
2056,NA,NA,NA,NA,11500
2065,2.4,1,5,2,11500
2066,3,1,5,2,11500
1990,3,0,5,2,11500
1993,3,NA,NA,NA,11500
1132,1,1,5,2,11500
1944,1.4,1,5,3,11500
2046,NA,NA,NA,NA,11500
2057,3,1,NA,NA,11500
2070,NA,NA,NA,NA,11500
1994,3,1,5,2,11500
2047,1,0,NA,NA,11500
2068,3,2,5,3,11500
1984,1,NA,NA,NA,11500
1985,3,1,5,2,11500
1988,1,2,5,2,11500
1989,3,NA,NA,NA,11500
2048,3,2,NA,NA,11500
2049,1,1,5,2,11500
2069,3,1,5,3,11500
1158,3,2,5,2,11500
1087,3,NA,NA,NA,11500
1991,NA,NA,NA,NA,11500
1004,1,0,NA,NA,11500
1167,2.4,NA,NA,NA,11500
1945,3,1,5,2,11500
1828.1,1,1,5,2,11500
1828.2,3,1,NA,NA,11500
1878,1,0,5,2,11500
1879,1,1,5,2,11500
1884,3,NA,NA,NA,11500
1903.1,3,1,5,1,11500
1903.2,3,1,5,2,11500
1907,1,NA,NA,NA,11500
1916,1.4,NA,NA,NA,11500
1919,3,1,5,2,11500
1927,1,0,5,2,11500
1934,3,1,5,2,11500
1957,3,1,5,2,11500
2104,3,1,5,2,11500
1827,1,1,5,2,11500
1910,2,1,4,1,11500
1882,1,NA,NA,NA,11500
1909,NA,NA,NA,NA,11500
939,3,1,5,2,11500
1047,2.4,2,5,2,11500
1856,1,1,5,3,11500
1869,1,1,5,2,11500
1929,1,0,5,2,11500
525,3,2,7,3,11500
1870,1,1,NA,NA,11500
1044,NA,NA,NA,NA,11500
116,1,1,6,2,11500
864,3,1,6,2,11500
909,1,1,5,2,11500
940,2,1,5,2,11750
1883,3,NA,NA,NA,11750
870,3,0,5,2,11750
1928,1,NA,NA,NA,11750
1908,1,1,5,3,11750
863,1,1,NA,NA,11750
1841,3,3,NA,NA,11750
1843,NA,NA,NA,NA,11750
1823,NA,NA,NA,NA,11750
1824,3,1,5,3,11750
1831,1,0,5,2,11750
925,NA,NA,NA,NA,11750
1832,1,1,5,2,11750
1842,2.2,1,6,2,11750
1866,1,1,5,2,11750
1900,2.4,2,6,4,11750
1901,1,1,5,3,11750
1840.1,1.4,1,6,3,11750
1840.2,1,NA,NA,NA,11750
1810,NA,NA,NA,NA,11750
1851,2,1,5,2,11750
1852,2.4,1,NA,NA,11750
1867,3,1,5,3,11750
1771,3,2,5,3,11750
1778,NA,NA,NA,NA,11750
1825,3,1,5,2,11750
1826,2.4,NA,NA,NA,11750
1830,3,1,5,3,11750
1902,1,1,5,2,11750
1853,1,0,5,2,11750
1789,1.4,2,5,2,11750
1790,3,NA,NA,NA,11750
1792,1,1,5,2,11750
1793,NA,NA,NA,NA,11750
1795,2,NA,NA,NA,11750
1794,1,0,5,2,11750
1805,3,1,5,2,11750
1750,NA,1,5,2,11750
1787,1,NA,NA,NA,11750
1789.1,2,2,5,2,11750
1789.2,3,1,5,2,11750
1777,1,NA,NA,NA,11750
1770,1,2,5,2,11750
1807,2.2,0,5,2,11750
1809,1,1,5,2,11750
668,NA,NA,NA,NA,11750
1751,1,1,4,1,11750
1743,NA,1,5,2,11750
1772,1,NA,NA,NA,11750
1740,2,1,5,2,11750
1741,1,1,5,2,11750
1744,NA,NA,NA,NA,11750
132,1,1,6,3,12000
703,1,1,6,2,12000
1732,1,2,5,3,12000
1727,1,0,4,1,12000
1728,2,1,6,4,12000
130,1,1,6,3,12000
650,1,NA,NA,NA,12000
1715,1,0,5,3,12000
1716,1,1,5,2,12000
1713,1,1,5,2,12000
1712,NA,1,5,3,12000
1720,NA,NA,NA,NA,12000
1710,1,NA,NA,NA,12000
1721,NA,1,5,2,12000
1662,1,1,NA,NA,12000
624,0,1,5,3,12000
1650,1,2,4,1,12000
1651,1,2,5,2,12000
1652,2.8,1,5,2,12000
1711,1,1,NA,NA,12000
616,1,2,5,3,12000
1684,3,2,NA,NA,12000
1638,NA,2,5,3,12000
1680,2.2,1,6,3,12000
1714,1,NA,NA,NA,12000
1690,NA,3,6,2,12000
1691,1,0,5,3,12000
1692,2.4,2,6,3,12000
1090,1,2,5,3,12000
1653,2.2,1,6,2,12000
1697,3,1,5,2,12000
592,2.2,1,6,2,12000
1693,1,1,4,1,12000
1681,1.2,0,5,3,12000
1682,3,1,6,3,12000
573,2,2,5,3,12000
1694,1,NA,NA,NA,12000
1695,1,1,6,2,12000
1657,1.2,1,5,3,12000
1683,1.4,1,6,4,12000
570,2,1,NA,NA,12000
1663,2.4,2,5,3,12000
1696,1,2,6,4,12000
575,1,1,5,2,12000
1568,1,1,6,3,12000
1569,NA,NA,NA,NA,12000
1577,1,3,5,3,12000
1626,NA,1,5,3,12000
1637,NA,0,4,1,12000
1578,1,1,6,4,12000
1625,1,1,5,2,12000
498,NA,NA,NA,NA,12000
477,NA,1,5,3,12000
1495,1,NA,NA,NA,12000
1598,1,0,4,1,12000
1611,1,1,5,2,12000
1617,2.2,1,5,3,12000
1621,2.4,0,5,2,12000
1562,3,0,6,3,12250
1591,1,1,5,3,12250
1588,2.6,2,5,3,12250
1590,3,2,5,3,12250
1599,1,1,5,3,12250
1610,3,2,5,3,12250
1616,3,0,5,3,12250
1557,3,2,6,4,12250
1583,NA,NA,NA,NA,12250
1592,1.8,0,5,3,12250
1609.1,1,1,5,2,12250
1609.2,1,2,6,4,12250
1613,3,1,5,3,12250
1558,2.2,1,5,3,12250
1601.1,3,1,5,3,12250
1602,1,2,5,3,12250
1602.2,1.6,1,5,3,12250
1600,3,1,5,2,12250
1528,1,2,5,2,12250
1542,1,NA,NA,NA,12250
1543,2.2,3,5,2,12250
1544,1.2,1,5,2,12250
1545,1,0,4,2,12250
1559,1.2,0,5,2,12250
1615,2.2,0,5,3,12250
1539,NA,1,5,2,12250
1527,1.4,2,5,2,12250
1538,3,1,NA,NA,12250
1513,3,0,5,2,12250
1540,1.6,2,5,2,12250
429,1,0,5,2,12250
1515,NA,1,5,2,12250
443,2.2,2,5,2,12250
1646,1,1,NA,NA,12250
459,1,1,5,2,12250
451,2,1,5,1,12250
1643,3,1,NA,NA,12250
1620,3,NA,NA,NA,12250
182,1,2,5,3,12250
1551,1,0,5,2,12250
1505,2.2,2,5,3,12250
1471,1,0,4,1,12250
1618,NA,2,6,3,12250
1644,3,1,6,2,12250
1645,1,1,5,2,12250
461,3,2,5,3,12250
1564,NA,NA,NA,NA,12250
1594,1,1,5,2,12250
1619,1,1,6,5,12250
124,NA,NA,NA,NA,12250
1597,NA,NA,NA,NA,12250
1565,NA,NA,NA,NA,12250
1595,3,0,5,2,12250
1566,3,2,5,3,12250
1582,1.8,2,NA,NA,12250
1596,3,2,5,3,12250
1550,1,1,5,2,12250
1567,NA,NA,NA,NA,12250
420,1.2,2,6,1,12250
1475,1,1,5,2,12250
1514,1,1,5,2,12250
1516,1,1,5,2,12250
1517.1,1,1,5,2,12250
1517.2,1,2,5,3,12250
1497,2,1,6,3,12250
1531,2,1,5,2,12250
1498,1,NA,NA,NA,12250
1499,1,1,5,2,12250
387,1,1,5,2,12250
397,2.6,3,5,3,12250
469,3,NA,NA,NA,12250
519,1.8,0,5,3,12250
1541,1,1,5,2,12250
1486,3,2,6,3,12250
1487,3,NA,NA,NA,12250
1489,1,0,5,3,12250
4744,NA,NA,NA,NA,12250
1488,2,2,5,3,12250
1490,1,0,5,2,12250
134,3,1,6,2,12250
135,1,1,6,3,12250
141,3,1,5,2,12250
1496,3,NA,NA,NA,12250
1533,2,1,5,2,12250
1534,2.2,1,5,3,12250
1476,1,NA,NA,NA,12500
1477,1,1,5,3,12500
1478,NA,2,5,3,12500
1456,2.4,1,6,1,12500
1501,1,0,5,2,12500
1441,1,1,5,3,12500
1442,2,0,5,2,12500
1458,2.2,1,5,1,12500
1464,NA,NA,NA,NA,12500
1532,NA,NA,5,2,12500
1241,1,1,5,2,12500
1444,NA,NA,NA,NA,12500
113,2.2,1,5,2,12500
1451,1,1,NA,NA,12500
1462,1,0,5,2,12500
492,1,2,5,3,12500
1461,2.4,1,6,2,12500
1450,1,1,4,1,12500
1439,3,1,5,2,12500
1440,1,1,5,3,12500
1437,NA,NA,NA,NA,12500
1454,NA,NA,NA,NA,12500
1500,1,2,5,2,12500
25,2.2,NA,NA,NA,12500
1457,2.2,1,6,1,12500
120,2.4,1,5,3,12500
1430,3,2,5,3,12500
1432,3,2,6,4,12500
1433,1,2,5,2,12500
1436,1,2,5,3,12500
1453,1,2,5,3,12500
1431,1,2,5,2,12500
1399,1.2,2,6,4,12500
1412,1,2,5,3,12500
1455,1,NA,NA,NA,12500
508,NA,NA,NA,NA,12500
1394,NA,NA,NA,NA,12500
1401,1,1,5,2,12500
1398.1,2.2,0,6,2,12500
1398.2,3,2,5,3,12500
1400,NA,1,5,2,12500
1402,1,1,5,2,12500
121,NA,NA,NA,NA,12500
1395,1,0,NA,NA,12500
122,1,0,5,2,12500
125,1,2,5,3,12500
1403,1,NA,NA,NA,12500
1377,2.2,1,5,2,12500
1380,1,2,NA,NA,12500
1338,1,1,5,2,12500
1376,1,1,5,2,12500
1381,1,1,5,3,12500
1361,1,NA,NA,NA,12500
1367,1.6,3,6,3,12500
1369,1,1,5,2,12500
1333.1,2,1,5,2,12500
1333.2,2,1,5,2,12500
1368,1,2,5,3,12500
478,1,1,5,2,12500
1334,1,1,5,2,12500
1335,2.2,2,7,3,12500
480,1,2,5,3,12500
1365,1.6,2,5,3,12500
1344,1,1,5,2,12500
1346,1,2,5,2,12500
1348,1,2,5,3,12500
1358,1,1,6,2,12500
1366,1,1,5,2,12500
1371,1,NA,NA,NA,12500
1372,1,NA,NA,NA,12500
1352,1,2,5,3,12500
1373,1,3,6,4,12500
1357,1,NA,NA,NA,12500
1356,NA,NA,NA,NA,12500
1309,NA,NA,NA,NA,12500
1359,NA,NA,NA,NA,12500
1311,1,0,5,2,12500
1316,1,2,NA,NA,12500
1324,1,1,5,2,12500
1297,1,1,5,3,12500
1328,1,2,6,3,12500
1301,1,NA,NA,NA,12500
1318,1,NA,NA,NA,12500
1182,1,1,5,2,12500
1300,0,2,5,2,12500
1307,1,2,5,3,12500
1326,1,NA,NA,NA,12750
1265,1,2,5,3,12750
1285,1,1,5,2,12750
1299,NA,NA,NA,NA,12750
1303,1,1,5,2,12750
1327,1,NA,NA,NA,12750
1264,1,1,5,2,12750
1288,1,1,NA,NA,12750
1319,1,1,5,2,12750
1262,1,2,5,2,12750
1274,1,1,5,2,12750
1302,3,1,NA,NA,12750
1290,1,1,NA,NA,12750
1275,1.2,1,5,2,12750
1278,1,1,6,3,12750
1298,1,1,5,2,12750
1249,1,1,5,3,12750
1250,3,NA,NA,NA,12750
1260,2.2,1,5,2,12750
1169,3,NA,NA,NA,12750
1246,0,1,6,3,12750
1247,1,1,5,3,12750
1248,2.2,1,5,2,12750
1289,3,3,6,4,12750
1223,1,NA,NA,NA,12750
1256,1,1,5,2,12750
1257,1,1,5,2,12750
1282,1.2,NA,NA,NA,12750
1238,1,1,5,2,12750
1258,NA,NA,NA,NA,12750
1240,1.8,1,5,2,12750
1217,1,2,6,4,12750
1219,2.4,1,5,2,12750
1220,1,2,6,3,12750
1221,1,1,6,2,12750
1243,1,1,NA,NA,12750
1228,1,1,5,2,12750
1212,NA,1,5,2,12750
1201,1,1,5,2,12750
1231,3,1,5,2,12750
1244,1,1,5,2,12750
1245,1.4,2,5,2,12750
1279,3,2,6,3,12750
1227,1,1,5,2,12750
1268,1.8,2,6,3,12750
1214,1,1,5,2,12750
1215,1,1,5,2,12750
1216.1,1,NA,NA,NA,12750
1216.2,1,1,5,2,12750
1216.3,1,2,6,4,12750
1216.4,1,2,6,2,12750
1216.5,1,1,1,1,12750
1266,2,1,NA,NA,12750
1267,1.4,NA,NA,NA,12750
1200,NA,1,5,2,12750
1208,3,1,5,2,12750
1218,NA,1,5,3,12750
1251,1,0,5,2,12750
1252,1.6,1,6,3,12750
1207,NA,NA,NA,NA,12750
1203,1,NA,NA,NA,12750
1204,1,1,5,2,12750
974,NA,NA,NA,NA,12750
1211,1,1,5,2,12750
1210,NA,NA,NA,NA,12750
1213,2.4,1,5,3,12750
1226,3,1,6,2,12750
1235,1,0,5,2,12750
1232,NA,NA,NA,NA,12750
1233,1.8,1,5,3,12750
1234,1,1,6,2,12750
969,NA,NA,NA,NA,12750
1197,1,2,5,3,12750
1184,1,1,6,3,12750
1198,1,2,5,2,12750
126,NA,NA,NA,NA,12750
1188,3,1,5,2,12750
1189,1,NA,NA,NA,12750
1195,1,1,NA,NA,12750
1152,1,2,6,4,12750
1151,NA,1,5,2,12750
1157,1,1,5,2,12750
1165.1,1,2,6,3,12750
1165.2,1,2,6,4,12750
1171,1,NA,NA,NA,12750
1172.1,1,3,5,3,12750
1172.2,2.2,1,5,2,12750
1173,1,2,NA,NA,12750
1174.1,1,2,5,3,12750
1174.2,NA,1,5,2,12750
1175,3,1,6,2,12750
1177,NA,NA,NA,NA,12750
1191,NA,NA,NA,NA,12750
959,1,1,5,2,12750
1166,NA,NA,NA,NA,12750
1168,1,1,6,2,12750
1160,1,NA,NA,NA,12750
1176,NA,NA,NA,NA,12750
1170,2.2,1,NA,NA,12750
1156,NA,NA,NA,NA,12750
1124,2.2,2,5,3,12750
1123,1,1,5,2,12750
1142,1,1,6,2,12750
1154,NA,1,6,2,12750
1163,NA,NA,NA,NA,12750
1127,1,1,5,2,12750
1161,1,1,5,2,12750
1162,2.2,2,NA,NA,12750
1164,1,NA,NA,NA,12750
1128,1,1,5,2,12750
1149,1,NA,NA,NA,12750
1126,1,1,6,3,12750
1153.1,NA,NA,NA,NA,12750
1153.2,1,1,5,2,12750
1153.3,2.4,NA,NA,NA,12750
1153.4,2,NA,NA,NA,12750
1153.5,1,1,NA,NA,12750
1125,NA,NA,NA,NA,12750
1148.1,2.2,2,5,3,13000
1148.2,2,0,5,3,13000
1155,3,1,5,2,13000
1120,1,NA,NA,NA,13000
1139,1.4,0,4,2,13000
1117,NA,NA,NA,NA,13000
1133,NA,NA,NA,NA,13000
1110,1,1,5,3,13000
1129,NA,NA,NA,NA,13000
1134,1,0,5,2,13000
1147,2,1,5,2,13000
1135,1,2,5,2,13000
1144,2.2,1,5,3,13000
1145,1,0,4,1,13000
1140,1,2,5,3,13000
1074,1,1,5,2,13000
950,NA,NA,NA,NA,13000
1078,NA,NA,NA,NA,13000
1030,NA,0,NA,NA,13000
1033,2.4,2,NA,NA,13000
1058,3,NA,NA,NA,13000
1062,2.2,1,5,3,13000
1094,NA,NA,NA,NA,13000
953,1,1,5,3,13000
954,NA,NA,NA,NA,13000
1067,NA,NA,NA,NA,13000
946,NA,1,6,2,13000
1082,NA,NA,NA,NA,13000
1016,1,1,5,2,13000
1086,NA,NA,NA,NA,13000
1007,1,1,5,2,13000
1014,1,2,6,2,13000
1068,NA,NA,NA,NA,13000
1065.1,1,2,6,2,13000
1065.2,1,1,6,2,13000
751,3,1,5,NA,13000
1098.1,1,1,5,2,13000
1098.2,1,1,5,2,13000
1104,NA,NA,NA,NA,13000
1106,1,2,5,3,13000
922,NA,NA,NA,NA,13000
932,NA,2,5,3,13000
856,NA,NA,NA,NA,13000
1038.1,1,1,5,2,13000
1038.2,NA,2,NA,NA,13000
1038.3,3,3,NA,NA,13000
1008,2.2,1,NA,NA,13000
992,3,1,5,2,13000
1002,1,2,5,3,13000
934,NA,NA,NA,NA,13000
995,1,2,4,2,13000
1043,2.2,2,NA,NA,13000
868,1,1,5,2,13000
998,1,1,5,2,13000
1003,1,2,5,3,13000
993,1,1,5,2,13000
926,1,1,5,2,13000
1001,1,2,5,3,13000
1079,1,2,5,2,13000
861,NA,2,5,3,13000
914,3,3,5,2,13000
1009,2.2,1,NA,NA,13250
1010,1,1,5,2,13250
910,NA,NA,NA,NA,13250
774,2.4,1,5,2,13250
727,NA,NA,NA,NA,13250
872,1,1,5,3,13250
726,1,1,5,2,13250
782,1,1,6,1,13250
846,NA,NA,NA,NA,13250
845.1,2,3,5,3,13250
845.2,1,2,5,2,13250
724,1,1,5,3,13250
748,1.2,2,5,3,13250
848,1,1,6,4,13250
877.1,1,1,5,2,13250
877.2,NA,NA,NA,NA,13250
784,1,2,5,3,13250
889,1,NA,NA,NA,13250
732,2.2,2,6,3,13250
737,2.2,NA,NA,NA,13250
718,1,1,5,3,13250
886,2.6,2,6,3,13250
888,NA,NA,NA,NA,13250
883,1,NA,NA,NA,13250
574,1,2,5,3,13250
681,3,NA,NA,NA,13250
649,1,NA,NA,NA,13250
672,1,1,5,2,13250
743,2,NA,NA,NA,13250
554,1,1,5,2,13250
555,1,1,5,1,13250
621,2,1,5,2,13250
584,2.2,NA,NA,NA,13250
594,1,1,NA,NA,13250
655,NA,3,6,4,13250
695,2,1,5,2,13250
556,1,1,5,3,13250
4742,3,3,5,3,13250
1096,2,0,6,4,13250
1099.1,3,2,5,2,13250
1099.2,1,1,5,3,13250
1099.3,1,NA,NA,NA,13250
702,1,1,NA,NA,13500
558,3,1,5,2,13500
559,1,1,5,3,13500
627,1,2,6,4,13500
557,1,1,6,2,13500
1113,1,1,5,2,13500
1097,1,1,5,2,13500
642,NA,NA,NA,NA,13500
615,NA,NA,NA,NA,13500
675,NA,NA,NA,NA,13500
612.1,1,2,6,3,13500
612.2,1,1,6,1,13500
617,1,1,NA,NA,13500
1112,1,1,5,2,13500
578,2,1,5,2,13500
679,NA,NA,NA,NA,13500
697,1,2,5,2,13500
4749,1,1,5,2,13500
548,2,1,6,2,13500
1121,NA,NA,NA,NA,13500
560,1,0,5,2,13500
542,1,NA,NA,NA,13500
663,2.2,1,5,2,13500
687.1,NA,NA,NA,NA,13500
687.2,NA,NA,NA,NA,13500
544,1.8,1,6,3,13500
470,NA,NA,NA,NA,13500
632,2.2,2,6,2,13500
771.1,1,2,5,3,13500
771.2,NA,NA,NA,NA,13500
1077,1,1,5,2,13500
611,1,NA,NA,NA,13500
664,NA,2,5,3,13500
1081,NA,3,5,3,13500
1075,1,NA,NA,NA,13500
1085,1,NA,NA,NA,13500
781,1,1,5,3,13500
346,3,NA,NA,NA,13500
186,3,2,6,3,13500
921,1,3,5,3,13500
867,1.8,1,5,2,13500
930,NA,NA,NA,NA,13500
481,1,2,NA,NA,13500
780,2.2,1,NA,NA,13500
430,1,1,5,2,13500
1069,3,2,6,3,13500
941,1,1,5,2,13500
942,1,1,5,2,13500
943,1,0,5,2,13750
448,2,NA,NA,NA,13750
1045.1,1,1,6,2,13750
1045.2,2.2,1,6,2,13750
1045.3,NA,1,5,2,13750
1045.4,NA,NA,NA,NA,13750
1045.5,1,NA,NA,NA,13750
890,2.2,0,6,2,13750
923,1,2,5,2,13750
1057,1,1,5,2,13750
444,3,3,5,3,13750
507,NA,NA,NA,NA,13750
1031,1,1,5,2,13750
1061,1,0,5,2,13750
1050,NA,NA,NA,NA,13750
1046,1.6,1,5,2,13750
434,2.5,2,5,2,13750
471.1,2.2,NA,NA,NA,13750
475,NA,NA,NA,NA,13750
438,NA,NA,NA,NA,13750
787.1,1,0,5,3,13750
787.2,1,NA,NA,NA,13750
787.3,1,NA,NA,NA,13750
885,1,1,6,3,13750
976,1,1,5,2,13750
1034.1,1,1,6,3,13750
1034.2,2.2,1,5,2,13750
517,1,2,5,3,13750
769,NA,NA,NA,NA,13750
949,1,1,5,2,13750
966,1.4,2,6,2,13750
441,NA,NA,NA,NA,13750
879,2.2,NA,NA,NA,13750
907,NA,1,NA,NA,13750
1028,1,1,5,3,13750
4747,1,1,NA,NA,13750
786,NA,NA,NA,NA,13750
977,3,NA,NA,NA,13750
978,NA,NA,NA,NA,13750
1055,2.2,1,5,2,13750
485,1.5,2,5,2,13750
880,NA,NA,NA,NA,13750
900,1,NA,NA,NA,13750
948,2.2,NA,NA,NA,13750
1017,1,1,5,2,13750
901,1.4,1,5,2,13750
450,NA,NA,NA,NA,13750
471.2,1,1,6,3,13750
1024,NA,NA,NA,NA,13750
439,1,1,NA,NA,13750
440,NA,NA,NA,NA,13750
902,1,3,5,3,13750
1013,1,2,5,3,13750
783,1,NA,NA,NA,13750
906,NA,NA,NA,NA,13750
961.1,1,1,6,4,13750
961.2,1,2,5,3,13750
365,1,0,6,2,13750
458,2,2,6,4,13750
775,1,2,5,2,13750
776.1,1,NA,NA,NA,13750
776.2,1,NA,NA,NA,13750
859,1,2,5,3,13750
456,NA,0,NA,NA,13750
860,1,3,6,3,13750
777.1,1,2,6,3,13750
777.2,1.4,2,5,3,13750
766,1.8,NA,5,3,13750
891,1,2,5,2,13750
455,1,NA,NA,NA,13750
887,2.2,1,4,1,13750
917,1,2,5,3,13750
433,1,1,5,2,13750
437,1,2,5,2,13750
454,1,1,5,2,13750
844,3,1,5,2,13750
892,2.4,2,5,3,13750
435,1,1,5,2,13750
913,1,2,5,2,13750
453,NA,NA,NA,NA,13750
916,1,1,5,2,13750
416,1,1,5,2,13750
403,1,NA,NA,NA,14000
754,1,NA,NA,NA,14000
660,3,NA,NA,NA,14000
701,1,NA,NA,NA,14000
713,1,NA,NA,NA,14000
730.1,2.4,1,5,2,14000
730.2,1,1,6,4,14000
362,1,1,NA,NA,14000
656.1,1,1,5,2,14000
656.2,1.4,2,5,3,14000
673,NA,NA,NA,NA,14000
674,NA,NA,NA,NA,14000
716,1,1,4,1,14000
740,1,NA,NA,NA,14000
657,1,0,5,2,14000
689,1,1,6,2,14000
661,1,2,5,3,14000
712,1,1,5,2,14000
406,1,2,5,3,14000
738,1,1,5,2,14000
739,1,NA,NA,NA,14000
398,NA,NA,NA,NA,14000
682,1,2,5,3,14000
518,2,2,5,3,14000
694,2.4,1,5,2,14000
700,1,NA,NA,NA,14000
690,NA,1,5,2,14000
322,1,NA,5,2,14000
755,1,1,5,2,14000
717,NA,2,6,3,14000
569,2.2,3,5,3,14000
588,1,2,6,3,14000
333,NA,NA,NA,NA,14000
318,2.2,1,NA,NA,14000
316,NA,1,5,2,14000
255,2.2,2,5,2,14000
521,1,1,5,0,14000
640,1,1,5,2,14000
546,1,1,6,2,14000
563,1.4,2,5,2,14000
566,2,2,5,3,14000
545,NA,NA,NA,NA,14000
549,NA,NA,NA,NA,14000
651,1,2,5,3,14000
535,1,1,5,2,14000
586,1,1,5,2,14000
229,2.3,1,5,3,14000
564,1,2,6,3,14000
499,1,1,5,2,14000
514,1,2,6,2,14000
524,NA,1,5,2,14000
637,NA,NA,NA,NA,14250
639.1,1,1,5,2,14250
639.2,1,2,6,2,14250
505,1,1,5,2,14250
260,1,3,6,3,14250
261,3,2,5,2,14250
565,NA,NA,NA,NA,14250
633,3,NA,NA,NA,14250
541,1,NA,NA,NA,14250
581,1,1,5,2,14250
629,NA,NA,NA,NA,14250
272,NA,1,5,2,14250
577,1,2,5,3,14250
224,NA,0,5,2,14250
287,1,1,5,2,14250
538,1,2,6,3,14250
495,1,1,5,2,14250
579,NA,NA,NA,NA,14250
580,1,2,5,2,14250
603,3,1,5,2,14250
618,1,1,6,4,14250
540,1,NA,NA,NA,14250
628,1,1,5,3,14250
562,3,1,5,2,14250
142,1,0,5,2,14250
533,NA,NA,NA,NA,14250
646,2.2,NA,NA,NA,14250
500,1,2,5,2,14250
232,1,1,5,3,14250
571,1,3,6,2,14250
424,3,2,5,2,14250
216,1,1,5,2,14250
221,1,0,5,2,14250
561,1,NA,NA,NA,14250
484,1,0,5,3,14250
270,1,NA,NA,NA,14250
473,1,3,5,2,14250
605,1,1,NA,NA,14250
608,1,NA,NA,NA,14250
489,1,NA,NA,NA,14250
488,1,1,NA,NA,14250
600,NA,2,6,2,14250
599,1,NA,NA,NA,14250
773.1,3,0,5,2,14250
773.2,NA,NA,NA,NA,14250
614,1,NA,NA,NA,14250
472,1.8,2,5,2,14250
249,1,2,5,3,14250
476,1,1,5,3,14250
543,1,1,5,3,14250
137,1,1,5,3,14250
138,1,1,7,4,14250
337,2,1,5,2,14250
601,1,2,5,2,14250
136,1,1,6,4,14250
218,2,2,5,2,14250
596,1,NA,NA,NA,14250
203,1,2,5,2,14250
269,1,3,5,3,14250
217,1,2,5,2,14250
234,3,3,NA,NA,14250
487,1,1,5,2,14250
283,NA,NA,NA,NA,14250
463,1.2,2,5,2,14250
131,0,1,6,3,14500
282,NA,NA,NA,NA,14500
356,1,1,5,2,14500
370,1,1,5,2,14500
462,3,3,6,3,14500
623,1,1,5,2,14500
184,1,NA,NA,NA,14500
192,3,NA,NA,NA,14500
265,1,1,6,4,14500
465,1,NA,NA,NA,14500
466,1,1,5,2,14500
219,1,2,5,3,14500
220,1,2,6,3,14500
371.1,1,1,NA,NA,14500
371.2,2.2,1,5,3,14500
371.3,NA,2,6,2,14500
371.4,1,1,5,2,14500
371.5,1,1,6,5,14500
307,1.2,1,5,2,14500
358,1.4,NA,NA,NA,14500
380.1,1,1,5,2,14500
380.2,NA,2,NA,NA,14500
411,NA,2,6,3,14500
200,1,1,6,4,14500
464,NA,NA,NA,NA,14500
209,1,0,NA,NA,14500
202,1,1,5,2,14500
377,1,2,5,2,14500
214,1,2,6,1,14500
293,1,1,5,2,14500
351,1,1,5,2,14500
352,2.2,3,NA,NA,14500
201,1,2,5,2,14500
331,3,2,5,2,14500
344,2.2,2,5,2,14500
419,1,2,5,2,14500
312,1,1,6,2,14500
447,1,2,5,3,14500
407,3,2,5,3,14500
374,1,2,5,2,14500
108,0,1,5,3,14500
292,1,1,5,2,14500
353,NA,2,6,3,14500
336,1,1,5,2,14500
367,1,0,5,2,14500
330,1,2,5,2,14500
427,1,1,NA,NA,14500
194,1,2,5,2,14500
350,1,2,5,3,14500
366,1,1,5,3,14500
342,NA,2,NA,NA,14500
309,2,2,6,2,14500
311,2.2,2,6,2,14500
412,3,2,5,2,14500
329,1,2,5,2,14500
289,1,2,5,3,14500
213,1,1,5,2,14500
372,NA,2,5,2,14500
310,1,1,5,2,14500
204,1,1,5,2,14500
303,2.2,1,7,3,14500
205,0,2,6,4,14500
206,1,2,5,2,14500
208,1,NA,NA,NA,14500
238,2.2,2,5,3,14500
239,1,1,5,2,14500
230,1,1,6,3,14500
325,1,2,5,2,14500
242,1,2,6,3,14500
361,NA,2,6,3,14500
360,1,2,5,2,14750
207,1,1,6,3,14750
263,3,2,NA,NA,14750
153,1,0,6,3,14750
241,NA,1,NA,NA,14750
436,1,NA,NA,NA,14750
368,1,1,6,2,14750
158,1,1,5,2,14750
304,2,3,5,2,14750
369,1,1,5,2,14750
248,NA,NA,NA,NA,14750
291,1,1,7,4,14750
327,2,2,6,3,14750
4740,1,NA,NA,NA,14750
426,1,2,6,4,14750
378,1,1,5,2,14750
425,1,2,5,2,14750
428,1.2,2,5,3,14750
149,NA,NA,5,2,14750
376,1,2,5,2,14750
468,NA,NA,NA,NA,14750
4748,NA,1,5,2,14750
210,1,1,5,2,14750
252,1.6,1,6,2,14750
290,1,1,5,2,14750
379.1,1,2,5,2,14750
379.2,1,NA,NA,NA,14750
399,1,1,5,2,14750
114,1,2,5,2,14750
4738,1,NA,NA,NA,14750
4741,1,1,5,3,14750
4654,3,1,5,2,14750
4739,1,NA,NA,NA,14750
323,1,1,6,3,14750
314.1,1.4,1,5,2,14750
314.2,1,2,6,2,14750
171,NA,NA,NA,NA,14750
4733,1,NA,NA,NA,14750
313,1,1,5,2,14750
373,3,1,5,2,14750
418,1,NA,NA,NA,14750
167,NA,1,5,2,15000
172.1,2.2,2,6,2,15000
172.2,1,2,5,2,15000
4451,1,1,6,2,15000
4450,1,2,5,2,15000
375,NA,NA,NA,NA,15000
4462,1,1,5,2,15000
4714,NA,NA,NA,NA,15000
4626,1,NA,NA,NA,15000
4655,NA,NA,NA,NA,15000
4727,1,1,5,2,15000
4731,1,2,5,3,15000
4736,2.2,1,5,2,15000
4737,1,NA,NA,NA,15000
4448,1,1,5,3,15000
4457,1,2,6,3,15000
4725,NA,1,NA,NA,15000
393,0,1,5,2,15000
315,1,2,5,2,15000
389,1,0,NA,NA,15000
226,1,1,5,3,15000
386,1,1,5,2,15000
4461,1,NA,NA,NA,15000
4652,NA,1,5,2,15000
343,NA,2,5,2,15000
4722,1,1,6,2,15000
4729,NA,NA,NA,NA,15000
4708,1,2,6,2,15000
4638,1,NA,NA,NA,15000
4730,1,1,5,1,15000
4639,1,NA,NA,NA,15000
4625,1,2,5,2,15000
4721,1,1,NA,NA,15000
144,1,1,6,2,15000
850,2.2,1,5,3,15000
4645,1,NA,NA,NA,15000
4644,1,1,NA,NA,15000
4715,NA,NA,NA,NA,15000
446,NA,NA,NA,NA,15000
193,1,1,5,2,15000
4709,1,1,5,2,15000
4713,1,1,NA,NA,15000
165,2.3,2,5,3,15000
4643,3,3,5,3,15000
4691,1,1,5,2,15000
180,1,1,5,2,15000
4624,1,NA,NA,NA,15000
4648,1,NA,NA,NA,15000
4723,1,1,5,2,15000
4629,NA,1,6,2,15000
4659,1,1,NA,NA,15000
187,1,0,6,2,15000
4606,NA,2,5,2,15000
4696,1,NA,NA,NA,15000
4724,3,1,5,2,15000
4622,NA,2,5,2,15000
4631,1,0,5,3,15000
4686,1,2,5,2,15000
4694,1,3,6,3,15000
4712,NA,1,5,2,15000
4649,1,2,6,4,15000
4683,NA,NA,NA,NA,15000
4728,1,2,5,2,15000
4594,NA,NA,NA,NA,15000
4611,2.2,NA,NA,NA,15000
4707,1,1,NA,NA,15000
174,1,1,5,2,15000
175,NA,NA,NA,NA,15000
4642,1,2,6,2,15000
4656,NA,NA,NA,NA,15000
4678,1,1,5,2,15000
4690,1,NA,NA,NA,15000
181,1,1,5,3,15000
190,1,1,NA,NA,15000
4679,NA,3,NA,NA,15000
4598,1,3,6,4,15000
4677,2.2,2,6,5,15000
176,1,2,5,2,15000
4692,2,NA,NA,NA,15000
4697,1,1,4,1,15000
4687,1,1,6,2,15000
4637,1,0,4,2,15000
178,1,1,5,2,15000
183,NA,NA,NA,NA,15000
4627,1,2,NA,NA,15000
4633,1,1,6,2,15000
179.1,1,1,5,2,15000
179.2,1,1,5,3,15000
179.3,NA,NA,NA,NA,15000
179.4,1,2,NA,NA,15000
4665,1,3,5,2,15000
4732,1,NA,NA,NA,15000
177,3,NA,NA,NA,15000
4682,1,2,5,3,15000
4719.1,NA,NA,NA,NA,15000
4719.2,1,1,5,2,15000
384,0,1,4,2,15000
4630,1,0,6,2,15000
4673,1,2,5,2,15000
4634,1,1,6,2,15000
4661,1,2,5,3,15000
4670,NA,NA,NA,NA,15000
4646,NA,NA,NA,NA,15000
4647,1,NA,NA,NA,15000
4650,1,1,5,3,15000
4663,1,2,6,2,15000
4681,1,1,5,2,15000
4735,NA,1,5,3,15000
4667,NA,2,6,3,15000
4703,1,1,5,2,15000
4662,1,2,6,2,15000
4669,NA,2,5,2,15000
4684,1,2,6,4,15000
4685,NA,NA,NA,NA,15000
4720,1,1,5,3,15000
4651,1,2,5,2,15000
4706,2,1,6,2,15000
4734,1,1,5,2,15000
4726,1,0,4,1,15250
4660,3,NA,NA,NA,15250
170,1,1,5,2,15250
4584,NA,NA,NA,NA,15250
145,1,1,5,2,15250
4582,1,1,5,3,15250
4698,1,2,5,3,15250
4605,NA,NA,NA,NA,15250
4544,2.2,1,4,1,15250
4591,NA,NA,NA,NA,15250
152,1,1,5,3,15250
4561,3,0,5,1,15250
163,1,NA,NA,NA,15250
4580,1,1,5,2,15250
166,1,NA,5,2,15250
4581,1,NA,NA,NA,15250
164,1,2,NA,NA,15250
151,1,1,5,2,15250
4596,1,1,5,2,15250
4600,NA,NA,NA,NA,15250
4613,1,2,5,3,15250
4587,NA,NA,NA,NA,15250
4568,1,0,5,2,15250
4616,1,NA,NA,NA,15250
4614,NA,NA,NA,NA,15250
4617,1,1,6,4,15250
4555,1,NA,NA,NA,15250
4557,1,1,5,1,15250
4623,1,1,5,3,15250
4641,1,2,5,3,15250
4563,1,1,5,3,15250
4551,2.2,2,5,2,15250
4552,NA,NA,NA,NA,15250
4571,1,1,6,3,15250
4619,1,1,5,3,15250
4635,2.2,2,4,2,15250
146,NA,NA,NA,NA,15250
4573,1.2,3,NA,NA,15250
4621,1,2,5,3,15250
4657,1.4,3,6,2,15250
4569,NA,NA,NA,NA,15250
4595,1.6,NA,NA,NA,15250
4702,1,0,5,2,15250
4564,1,NA,NA,NA,15250
4599,1,NA,NA,NA,15250
4603,3,3,NA,NA,15250
4519,NA,1,5,2,15250
4615,1,1,5,2,15250
4559,1,1,NA,NA,15250
4671,1,NA,NA,NA,15250
4550.1,1,1,5,2,15250
4550.2,NA,2,NA,NA,15250
4602,1,1,5,2,15250
4636,1,1,4,2,15250
4668,1,0,5,3,15250
4515,1,0,5,2,15250
4537,1,NA,5,2,15250
4532,1,2,5,3,15250
4592,1,2,6,2,15250
4607,1,1,5,2,15250
4541,1,1,NA,NA,15250
4640,3,1,5,2,15250
4672,NA,NA,NA,NA,15250
4604,1.6,1,5,3,15250
4693,1,1,5,2,15250
4674,1,1,5,3,15500
4593,1,NA,NA,NA,15500
4632,NA,NA,NA,NA,15500
4658,2.2,2,6,3,15500
169,1,1,5,2,15500
4666,NA,NA,NA,NA,15500
4516,NA,NA,NA,NA,15500
4601,NA,NA,NA,NA,15500
4618,NA,2,5,3,15500
4653,1,NA,NA,NA,15500
4664,1,NA,NA,NA,15500
4612,1,1,6,2,15500
4628,1,0,4,1,15500
168,NA,NA,NA,NA,15500
4609,1,1,5,3,15500
4535,NA,1,5,2,15500
4586,3,2,5,2,15500
4680,NA,3,NA,NA,15500
4590,1,1,6,3,15500
4548,NA,1,6,2,15500
4620,1,NA,NA,NA,15500
4695,1,0,5,2,15500
4585,1,2,NA,NA,15500
161,1,1,5,2,15500
162,1,2,5,2,15500
4488,NA,NA,NA,NA,15750
4495,NA,1,NA,NA,15750
4556,NA,NA,NA,NA,15750
4530,NA,NA,NA,NA,15750
4103,NA,NA,5,3,15750
4483,NA,2,5,3,15750
160,1,2,5,2,15750
4528,NA,NA,NA,NA,15750
4523,1,NA,5,3,15750
4529,NA,1,6,3,15750
4501,1,2,5,3,15750
4520,1,3,NA,NA,15750
4496,1,2,5,3,15750
4534,1,1,5,2,15750
4577.1,3,2,6,2,15750
4577.2,1.4,NA,NA,NA,15750
4522,1,2,NA,NA,15750
4524,1,NA,NA,NA,15750
4533,1,1,5,2,15750
4526,0,3,6,3,15750
4525,3,1,NA,NA,15750
4108,1,1,6,3,15750
4467,0,1,5,2,15750
4562,1,1,5,2,15750
4566,1,1,5,2,15750
4576,1,1,6,3,15750
4578,1,2,6,3,15750
4527.1,1,1,5,2,15750
4527.2,1,NA,NA,NA,15750
4579,1.6,2,5,3,15750
4549,NA,NA,NA,NA,15750
4575,NA,3,NA,NA,15750
4146,1,1,NA,NA,15750
4147,NA,NA,NA,NA,15750
4468,NA,1,5,2,15750
4531,3,NA,NA,NA,15750
4508,1,NA,NA,NA,15750
4514,1,1,5,2,15750
4588,2.2,2,6,5,15750
4511,NA,NA,NA,NA,15750
4512,NA,NA,NA,NA,16000
4676,1,1,5,2,16000
4144,1,1,5,2,16000
4597,1,1,5,2,16000
4500,NA,NA,NA,NA,16000
4589,1,1,5,4,16000
4509,NA,NA,NA,NA,16000
4510,NA,NA,NA,NA,16000
4477,NA,2,6,2,16000
4521,1,2,NA,NA,16000
4543,1,NA,NA,NA,16000
4141,1,2,5,3,16000
4570,1,2,6,3,16000
4494,1,2,5,2,16000
4689,1,2,5,3,16000
4427,NA,NA,NA,NA,16000
4478,2,1,6,3,16000
4480,1.4,1,NA,NA,16000
4482,1,NA,NA,NA,16000
4502,1,1,5,2,16000
4503,NA,2,5,2,16000
4504,1,1,5,2,16000
4505,1,NA,NA,NA,16000
4506,1,1,5,2,16000
4481,1,1,5,2,16000
4558,1.6,1,5,2,16000
4716,2.2,1,5,2,16000
4517,1,1,NA,NA,16000
4610,1,1,5,3,16000
4518,1,NA,NA,NA,16000
4129.1,2.2,2,6,2,16000
4129.2,NA,NA,NA,NA,16000
4583,NA,1,NA,NA,16000
4119,NA,NA,NA,NA,16000
4383,1,1,5,2,16000
4499,0,1,5,1,16000
4498.1,3,NA,5,2,16000
4498.2,NA,NA,NA,NA,16000
4513,1,NA,NA,NA,16000
4485,NA,NA,NA,NA,16000
4688.1,1,1,6,2,16000
4688.2,1,2,5,2,16000
4717,1,NA,NA,NA,16000
4574.1,NA,NA,NA,NA,16000
4574.2,1,1,5,2,16000
4507.1,1,NA,NA,NA,16000
4507.2,NA,3,5,2,16000
4497,NA,2,NA,NA,16000
4126,NA,NA,NA,NA,16000
4710,1,2,5,2,16000
4470,1.4,NA,NA,NA,16000
4608,1,1,NA,NA,16000
4699,1,1,6,4,16000
4493,1,2,5,2,16000
4132.1,1,1,6,3,16000
4132.2,NA,1,NA,NA,16000
4572,1,1,6,3,16000
4460,1,2,5,3,16000
4452,1,3,NA,NA,16000
4479,1,1,NA,NA,16000
4704,1,1,6,3,16000
4475,NA,NA,NA,NA,16000
4486,1,1,4,2,16000
4130,1,NA,NA,NA,16000
4705,1,NA,NA,NA,16000
4131,1,NA,NA,NA,16000
4375,1,0,NA,NA,16000
4456,1,1,NA,NA,16000
4463,NA,2,NA,NA,16000
432,NA,NA,NA,NA,16000
4439,1,0,5,3,16000
4447,NA,NA,NA,NA,16000
4465,3,2,5,3,16000
4446,1,1,5,2,16000
4484,1,1,5,2,16000
4124,1,2,5,2,16000
4406,1,1,5,2,16000
4442,1,0,5,2,16000
4444,1,2,5,3,16000
4428,NA,1,5,2,16000
4487,1,1,5,2,16000
4565,NA,NA,NA,NA,16000
4454,1,1,5,2,16000
4376,1,3,6,4,16000
4407,1,NA,NA,NA,16000
4418,1,NA,NA,NA,16250
4402,1,1,5,2,16250
4458,NA,NA,NA,NA,16250
4434,1,2,6,3,16250
4436,1,NA,NA,NA,16250
4421,NA,1,5,2,16250
4433,1,1,5,2,16250
4405,1,0,5,2,16250
4473,1,1,5,2,16250
4560,1,1,5,2,16250
4279,1,1,5,2,16250
4429,1,1,5,3,16250
4432,1,1,5,2,16250
4400,1,1,5,2,16250
4440,1,NA,NA,NA,16250
4373,1,0,5,2,16250
4459,NA,NA,6,2,16250
4282,1,0,4,1,16250
4322,1,3,5,2,16250
4408,1,2,5,2,16250
4415,1,1,5,1,16250
4344,2.2,NA,NA,NA,16250
4416,1,1,6,3,16250
4539,1,2,5,3,16250
4540,1,NA,6,2,16250
4409,1,1,5,2,16250
4414,2.2,0,6,2,16250
4464,1,2,5,2,16250
4392,1,NA,NA,NA,16250
4403,1,2,6,3,16250
4538,NA,NA,NA,NA,16250
4352,1,1,5,2,16250
4395,2,1,5,2,16250
4449,1,1,5,2,16250
4472,1,2,NA,NA,16250
4536,NA,NA,NA,NA,16250
4425,1,1,5,3,16250
4393,1,2,5,3,16250
4554,1,1,5,3,16250
4700,3,1,6,2,16250
4542,NA,1,NA,NA,16250
4394,1,1,6,2,16250
4422,1,0,5,3,16250
4423,1,0,5,2,16250
4701,1,0,5,2,16250
4069,1,2,5,3,16250
4271,1,2,5,2,16250
4351,1,1,5,2,16250
4474,1,1,NA,NA,16250
4491,NA,NA,NA,NA,16250
4492,1,3,5,3,16250
4438,NA,NA,NA,NA,16250
4489,1,1,5,1,16250
4490,1,1,5,2,16250
4471,1,2,6,2,16250
4553,1.2,1,5,2,16250
4387,1,2,6,5,16250
4476,1,NA,5,2,16250
4455,1,1,6,2,16250
4718,2,1,5,3,16250
4389,1,1,5,2,16250
4441.1,1,0,6,3,16250
4441.2,1,NA,NA,NA,16250
4469,NA,NA,NA,NA,16250
4273,1,1,5,2,16250
4466,NA,NA,NA,NA,16250
4435,NA,NA,NA,NA,16250
4453,1,0,5,2,16250
4430,1,NA,5,2,16250
4711,NA,NA,NA,NA,16250
4437,1,NA,NA,NA,16250
4443,NA,3,6,3,16250
4426,2,3,6,2,16250
4545,1.2,1,6,3,16250
4546,1,2,5,3,16250
4547,1,1,5,2,16250
4254,1,1,5,2,16250
4420,NA,NA,NA,NA,16250
4424,1,2,5,3,16250
4431,1,1,4,1,16250
4310,1,1,5,2,16250
4419,1,3,5,3,16250
4318,NA,NA,NA,NA,16250
4411,1,1,5,3,16250
4399,1,1,5,2,16250
4445,1,1,6,2,16250
4303,1,2,5,2,16500
4317,1,2,5,3,16500
4339,1,1,5,2,16500
4342,1.4,1,5,2,16500
4343,1,1,5,2,16500
4385,1.2,1,5,2,16500
4321,1,1,5,2,16500
4338,1,1,5,2,16500
4316,1,1,NA,NA,16500
4346,1,2,6,3,16500
4347,1,NA,NA,NA,16500
4354,1,2,5,2,16500
4345,1,1,6,2,16500
4363,NA,NA,NA,NA,16500
4365,1,2,5,2,16500
4417,1,2,5,3,16500
4288,NA,1,5,3,16500
4358,NA,NA,NA,NA,16500
4261.1,2.5,1,6,2,16500
4261.2,NA,NA,NA,NA,16500
4319,1,1,5,3,16500
4328,1,NA,NA,NA,16500
4340,1,1,NA,NA,16500
4341,1,2,5,3,16500
4285,1,NA,NA,NA,16500
4330,1,NA,NA,NA,16500
4289,1,2,5,2,16500
4326,NA,NA,NA,NA,16500
4329,1,2,5,2,16500
4332,1,1,NA,NA,16500
4410,1,1,6,3,16500
4413,1,1,5,2,16500
4371,1,NA,5,2,16500
4374,1,NA,NA,NA,16500
4361,1,1,5,2,16500
4377,1,NA,NA,NA,16500
4401,1,2,6,3,16500
4381,NA,NA,NA,NA,16500
4287,1,2,5,3,16500
4296,NA,1,5,2,16500
4269,1,1,5,2,16500
4154,1,1,5,3,16500
4169,1.4,1,5,2,16500
4260,1,NA,NA,NA,16500
4225,1,0,NA,NA,16500
4234,1,NA,NA,NA,16500
4275,1,1,NA,NA,16500
4224,0,2,5,2,16500
4176,1,1,6,2,16500
4252,1,1,5,2,16500
4297,1,1,5,2,16500
4253,1,3,5,3,16500
4193,NA,NA,NA,NA,16500
4293,1,1,5,1,16500
4213,1,0,NA,NA,16500
4163,1,1,5,NA,16500
4284,1,2,5,3,16500
4302,NA,1,6,3,16500
4182,NA,NA,NA,NA,16500
4184,1,1,NA,NA,16500
4258,NA,NA,NA,NA,16500
4183,1,1,6,4,16500
4192,1,3,5,2,16500
4197,1,NA,NA,NA,16500
4200,1,2,NA,NA,16500
4237,1,NA,5,2,16500
4238,NA,1,6,3,16500
4216,NA,1,NA,NA,16500
4280,1,1,5,2,16500
4312,1,1,5,3,16500
4241,1,2,NA,NA,16500
4101,1,NA,NA,NA,16500
4180,1,NA,NA,NA,16500
4270,1,NA,NA,NA,16500
4278,1,0,6,2,16500
4152,1,NA,NA,NA,16500
4249,1,1,NA,NA,16500
4159,1,1,NA,NA,16500
4158,1,2,6,2,16750
4239,1,2,5,2,16750
4247,1,1,5,2,16750
4095,1,2,5,2,16750
4096,1,1,6,2,16750
4100.1,1,NA,NA,NA,16750
4100.2,NA,1,NA,NA,16750
4134,1,2,5,3,16750
4135,NA,NA,NA,NA,16750
4136,NA,2,NA,NA,16750
4137,NA,2,NA,NA,16750
4138,1,1,5,2,16750
4139,NA,1,4,1,16750
4140,1,NA,NA,NA,16750
4291,1,NA,NA,NA,16750
4298,1,1,5,2,16750
4267,1,2,NA,NA,16750
4127,1,1,NA,NA,16750
4172,1,2,5,2,16750
4166,0,1,5,3,16750
4268,1,1,5,2,16750
4315,NA,1,5,2,16750
4173,1,1,5,4,16750
4112,1,0,NA,NA,16750
4167,1.8,1,7,2,16750
4164.1,1,1,5,2,16750
4164.2,1,1,5,2,16750
4165,1,1,5,2,16750
4168,NA,NA,NA,NA,16750
4125,2,1,5,3,16750
4156.1,1,1,5,2,16750
4156.2,1,1,5,1,16750
4157,1,1,6,2,16750
4084,1,2,6,2,16750
4091,1,2,NA,NA,16750
4092,1,1,5,3,16750
4093,NA,1,6,2,16750
4094,1,NA,NA,NA,16750
4111,NA,NA,NA,NA,16750
4113,1,2,5,3,16750
4114,1,0,4,1,16750
4115,NA,NA,NA,NA,16750
4227,1,1,5,3,16750
4231,NA,1,5,2,16750
4232,NA,NA,NA,NA,16750
4240.1,1,1,5,2,16750
4240.2,1,1,5,2,16750
4240.3,NA,1,5,2,16750
4240.4,1,1,5,3,16750
4240.5,1,1,5,2,16750
4240.6,1,1,5,3,16750
4305,1,1,NA,NA,16750
4309,1,NA,NA,NA,16750
4188,1,1,6,2,16750
4196,NA,1,5,2,16750
4251,NA,NA,NA,NA,16750
4177,1,1,4,1,16750
4178,NA,NA,NA,NA,16750
4179,NA,NA,NA,NA,16750
4011,NA,1,NA,NA,16750
4198,1,1,5,2,16750
4201,NA,1,5,2,16750
4208,1,1,NA,NA,16750
4170,1,NA,NA,NA,16750
4264.1,1,NA,NA,NA,16750
4264.2,1,NA,NA,NA,16750
4323,1,1,5,3,16750
4151,NA,NA,NA,NA,16750
4202.1,2,2,6,3,16750
4202.2,1,2,5,3,16750
4025,1,NA,NA,NA,16750
4181,NA,NA,NA,NA,16750
4209,NA,0,5,2,16750
4020,1,1,6,2,16750
4199,2.2,1,NA,NA,16750
4032,1,NA,NA,NA,16750
4262,1,NA,NA,NA,16750
4274,1,2,NA,NA,16750
4331,2.4,2,7,5,16750
4187,NA,0,NA,NA,16750
4203,1,1,5,2,16750
4205,1,NA,NA,NA,16750
4207,2,1,5,2,16750
4311.1,1,1,5,2,16750
4311.2,1,1,4,1,16750
4324,NA,1,5,2,16750
3995,NA,1,5,2,16750
4327,NA,2,5,3,16750
4019,0,1,6,1,16750
4153,1,1,6,3,16750
4189,1,1,NA,NA,16750
4235,1,1,5,2,16750
4263,1,1,5,2,16750
4292,NA,1,5,3,16750
4295,1,NA,NA,NA,16750
4171,1,1,5,3,16750
4214,1,1,5,2,16750
4218,1,0,NA,NA,16750
4219,1,1,5,3,16750
4307,1,NA,NA,NA,16750
4150,1,NA,5,2,16750
4206,1,1,5,2,16750
4246,1,1,5,2,16750
4149.1,1,1,NA,NA,16750
4149.2,1,1,6,2,16750
4276,1,1,NA,NA,16750
4308,NA,NA,NA,NA,16750
4142,NA,NA,NA,NA,16750
4175,2.2,2,NA,NA,16750
4229,1,1,5,2,16750
4083,NA,NA,NA,NA,16750
4215,1,1,5,2,16750
4217,1.4,1,4,1,16750
4294,NA,1,5,2,16750
4301.1,1,1,5,2,16750
4301.2,NA,NA,NA,NA,16750
4301.3,2,NA,5,2,16750
4301.4,1,1,NA,NA,16750
4299,1,1,6,5,16750
4300.1,1,1,6,2,16750
4300.2,1,NA,NA,NA,16750
4059,NA,NA,NA,NA,16750
4174,NA,0,5,2,16750
4161,NA,NA,NA,NA,16750
4162,1,2,5,2,16750
4060,1,1,5,2,16750
4250,1,1,5,2,16750
4257,1,0,NA,NA,16750
4039,1,1,5,2,16750
4064,1,1,5,1,16750
4155,1,1,5,2,16750
4057,NA,2,5,2,16750
4265,1,1,5,2,16750
4266,2.2,1,5,2,16750
4277.1,1,1,NA,NA,16750
4277.2,0,1,5,3,16750
4304,1,1,5,1,16750
4349,2.4,1,5,2,16750
4055,1,1,NA,NA,16750
4348,1,NA,NA,NA,16750
3998,NA,NA,NA,NA,16750
4054,1,1,6,2,16750
4397,1,1,NA,NA,16750
4398,1,NA,NA,NA,16750
4404,1,1,5,2,16750
4290,1,NA,NA,NA,17000
4056,1,0,4,1,17000
394,1,2,NA,NA,17000
4087.1,1,1,5,2,17000
4087.2,1,2,5,2,17000
4071,2.4,1,5,2,17000
4357,1,1,5,2,17000
4368,1,1,5,2,17000
4337,2.2,NA,NA,NA,17000
4033,NA,NA,NA,NA,17000
4353,1,1,5,2,17000
4356,1,1,NA,NA,17000
4366,NA,NA,NA,NA,17000
4046,1,NA,NA,NA,17000
4052,1,1,5,2,17000
4367,1,NA,NA,NA,17000
4388,1,NA,NA,NA,17000
4336,1,1,6,2,17000
4350,NA,1,NA,NA,17000
4355,1,NA,NA,NA,17000
4379,1,NA,NA,NA,17000
4044,1,0,6,2,17000
4359.1,3,1,5,3,17000
4359.2,NA,NA,NA,NA,17000
4359.3,NA,NA,NA,NA,17000
4359.4,1,1,6,2,17000
4412,0,3,5,3,17000
4038,1,NA,NA,NA,17000
4370,1,1,5,2,17000
4384,1.2,1,5,3,17000
4369,1,NA,NA,NA,17000
4390,1,NA,NA,NA,17000
4391,NA,1,5,2,17000
4333,1.2,2,NA,NA,17000
4335,1,2,6,4,17000
4362,1,1,4,1,17000
4364,1,1,5,2,17000
4372,1,1,6,2,17000
4380,1,1,NA,NA,17000
4378,1,1,6,2,17000
4035,NA,NA,NA,NA,17000
4382,3,1,6,3,17000
4396,1,1,5,2,17000
4360,1.2,1,5,2,17000
3886,NA,2,5,3,17000
3908,1,0,4,1,17000
4034,1,1,5,2,17000
4386,NA,1,5,3,17000
3985,NA,NA,NA,NA,17000
3916,1,1,5,2,17000
3982,NA,1,5,2,17000
3919,1,2,6,2,17000
4014,1,2,5,3,17000
3931,1,2,5,2,17000
4048,1,1,5,2,17000
4049,1,2,5,2,17000
3918,1,1,5,2,17000
4058,1,1,6,4,17000
3900,1,1,6,4,17000
3932,1,2,5,2,17000
4024,1,1,5,2,17000
4002,2.2,0,5,2,17000
3996,1,1,5,2,17250
3997,1,1,4,1,17250
3980,1,1,NA,NA,17250
3984,NA,NA,NA,NA,17250
3928,1,2,5,2,17250
3903,1,1,NA,NA,17250
3971,1.8,1,5,3,17250
3909,1,0,4,1,17250
3975,1,1,5,2,17250
3925,1,NA,NA,NA,17250
3968,1,1,6,3,17250
3976,1,1,5,3,17250
3894,1,NA,NA,NA,17250
3895,1,1,5,2,17250
3896,1,1,5,3,17250
3897,1,2,6,3,17250
3898,NA,NA,NA,NA,17250
3922,1,1,5,2,17250
3924,1,2,6,4,17250
3999,NA,NA,NA,NA,17250
4007,1,1,5,2,17250
3990,3,1,4,1,17250
3991,1.6,1,4,1,17250
4013,1,1,5,2,17250
4043,1,NA,NA,NA,17250
3936,1,1,5,3,17250
4045,0,1,5,3,17250
3967,1.8,1,5,2,17250
3832.1,1,1,5,3,17250
3832.2,1,1,5,3,17250
3970,NA,NA,NA,NA,17250
3827,NA,NA,NA,NA,17250
4236,2.2,2,6,3,17250
4259,1,1,5,2,17250
3828,NA,1,NA,NA,17250
4281,1,1,5,3,17250
4272,NA,NA,NA,NA,17250
4210,1,1,5,2,17250
3942,NA,NA,NA,NA,17250
4067,1,1,5,2,17250
4066,1,0,5,3,17250
4283.1,1,1,5,2,17250
4283.2,1,1,5,2,17250
3978,1,NA,NA,NA,17250
4061,1,1,5,3,17250
4222,1,1,5,3,17250
4256,1,1,5,2,17250
3844,1,1,5,2,17250
3958,1,1,5,2,17250
4255,1,2,5,2,17250
3864,1,1,5,2,17250
3953,0,1,5,3,17250
4006,1,1,NA,NA,17250
4286,NA,NA,NA,NA,17250
4221,1,2,5,3,17250
4248,1,1,4,1,17250
3876,1,1,5,2,17250
3943,NA,NA,NA,NA,17250
4242,1,2,6,2,17250
4243,1,1,5,3,17250
4306,NA,NA,NA,NA,17500
3945,NA,NA,NA,NA,17500
3947,NA,NA,NA,NA,17500
3512,1,1,5,3,17500
4314,1,1,NA,NA,17500
3730,1,NA,NA,NA,17500
4313,1,2,5,3,17500
3950,NA,NA,NA,NA,17500
4233,1,1,5,2,17500
3770,NA,NA,NA,NA,17500
4320,1,1,5,3,17500
4228,1,1,5,2,17500
4334,1,0,NA,NA,17500
3516,NA,NA,NA,NA,17500
3701,1,1,5,2,17500
3454,NA,1,5,2,17500
3481,1,1,5,3,17500
4325,NA,NA,NA,NA,17500
3765,1,1,5,2,17500
3476.1,NA,1,NA,NA,17500
3476.2,NA,NA,NA,NA,17500
4220,NA,NA,NA,NA,17500
3691,1,NA,NA,NA,17500
2734,1,NA,NA,NA,17500
3586,3,NA,NA,NA,17500
3753,1,1,5,2,17500
3767,1,1,NA,NA,17500
3768,1,1,5,2,17500
3445,1,NA,NA,NA,17500
3467,1,1,6,2,17500
3823,1,1,5,2,17500
3820,NA,NA,NA,NA,17500
2744,1,NA,NA,NA,17500
3658,1,2,6,4,17500
2725,1,NA,NA,NA,17500
2733,1,NA,NA,NA,17500
3647,1,1,5,2,17500
3649,1,1,NA,NA,17500
3684,3,1,6,2,17500
3710,NA,NA,NA,NA,17500
2742,1,1,5,2,17500
3435.1,1,NA,NA,NA,17500
3435.2,NA,1,NA,NA,17500
3220.1,1,1,NA,NA,17500
3220.2,1,0,5,2,17500
3410,1,2,5,3,17500
3715,1,1,5,2,17500
3461,NA,NA,NA,NA,17500
3826,NA,NA,NA,NA,17500
3429,1,1,5,2,17500
3851,NA,NA,NA,NA,17500
2730,1,NA,NA,NA,17500
3530,1,NA,NA,NA,17500
3433,NA,NA,NA,NA,17500
3529,1,NA,NA,NA,17500
3804,NA,NA,NA,NA,17500
3809,NA,NA,NA,NA,17500
3811,NA,NA,NA,NA,17500
3815,NA,NA,NA,NA,17500
3643,3,NA,NA,NA,17500
3675,1,1,5,2,17500
3799,NA,NA,NA,NA,17500
2743,1.2,0,5,2,17500
3462,1.2,1,6,4,17500
106,1,1,5,3,17500
3640,NA,NA,NA,NA,17500
3432.1,1,1,5,2,17500
3432.2,1,NA,NA,NA,17500
3568,1,NA,NA,NA,17500
3806,NA,NA,NA,NA,17500
3419,1,NA,NA,NA,17500
3482,NA,0,NA,NA,17500
3418,1,1,5,2,17500
3813,NA,NA,NA,NA,17750
3575.1,1,1,5,2,17750
3575.2,NA,1,NA,NA,17750
3818,NA,NA,NA,NA,17750
3266.1,1,1,5,2,17750
3266.2,0,NA,NA,NA,17750
3792,NA,NA,NA,NA,17750
3790,NA,NA,NA,NA,17750
3791,NA,NA,NA,NA,17750
3795,NA,NA,NA,NA,17750
3487,2.2,2,5,2,17750
3505,1.6,1,5,2,17750
3793,NA,NA,NA,NA,17750
3269,1,1,5,3,17750
3805,NA,NA,NA,NA,17750
3541,1,2,5,3,17750
3544,1,2,6,3,17750
3362,1,1,5,2,17750
3392,1,1,5,2,17750
104,NA,1,5,3,17750
3300,1,3,5,3,17750
3779,NA,NA,NA,NA,17750
3340,1,1,6,3,17750
3287,NA,NA,NA,NA,17750
101,1,NA,NA,NA,17750
3388,1,1,5,2,17750
3781,NA,NA,NA,NA,17750
3294,NA,1,5,3,17750
3322.1,1,2,5,2,17750
3322.2,1,NA,NA,NA,17750
3385,1,2,5,3,17750
3788,NA,NA,NA,NA,17750
3242,1,1,5,2,17750
3299,1,1,4,1,17750
3377,1,NA,NA,NA,17750
3229,1,1,5,3,17750
3244.1,1,1,5,2,17750
3244.2,1,1,5,2,17750
98,1,0,NA,NA,17750
3397,1,1,5,2,17750
3304,1,2,6,4,17750
3401,NA,NA,NA,NA,17750
3281,1,1,5,2,17750
3309,1.6,1,5,2,17750
3403,1,1,5,2,17750
3775,NA,NA,NA,NA,17750
3237.1,1,1,5,3,17750
3237.2,1,NA,NA,NA,17750
3315,1.8,1,5,2,17750
3305,1,1,5,3,17750
3073,1,1,6,2,17750
3382,NA,NA,NA,NA,17750
3169,NA,NA,NA,NA,17750
3213,1,1,5,2,17750
3349,1,0,7,3,17750
3277,1,1,5,3,17750
3273,0,1,6,2,17750
3280,1,1,NA,NA,17750
3380,1,2,6,3,17750
3255,2.4,1,5,2,18000
3320,NA,NA,NA,NA,18000
3331,1,1,6,2,18000
3342,1,0,5,2,18000
3217,1,2,5,2,18000
3223,1,1,5,2,18000
3222,1,1,5,2,18000
3372,NA,1,NA,NA,18000
3325,1,0,5,2,18000
3344,NA,NA,NA,NA,18000
3212,1,1,6,2,18000
3260,1,2,NA,NA,18000
3275.1,1,1,NA,NA,18000
3275.2,1,1,4,1,18000
3335,1,1,NA,NA,18000
3337,1,1,5,2,18000
3261,1,1,5,2,18000
3327,1,NA,NA,NA,18000
3071,3,NA,NA,NA,18000
3355,1,1,5,2,18000
3035,1,1,5,2,18000
3116,1,1,5,2,18000
102,1,1,5,2,18000
3029,1,1,5,2,18000
3028,1,1,5,2,18000
3173,1,0,NA,NA,18000
3007,1,1,5,2,18000
3038,1,NA,NA,NA,18000
3078,1,NA,NA,NA,18000
3769,NA,NA,NA,NA,18000
3111,3,1,6,2,18000
3145,1,1,4,1,18000
3188,1,1,6,3,18000
3052,NA,1,5,2,18000
3778,NA,NA,NA,NA,18000
3191,1,NA,NA,NA,18000
3067,NA,0,5,2,18000
3150,1,1,NA,NA,18000
4746,1,1,6,3,18000
3138,1,1,5,1,18000
3203,1,NA,NA,NA,18000
3061,1,NA,NA,NA,18000
3108,1,1,4,1,18000
3149,1,1,5,3,18000
3031,1,1,NA,NA,18000
3190,1,1,NA,NA,18000
3013,NA,NA,NA,NA,18000
3122,1,1,5,2,18000
3176,1,1,5,3,18000
3081,1,2,6,3,18000
3131,1,1,5,2,18000
3174,1,0,4,1,18000
2830,NA,1,5,2,18000
3058,1,1,5,2,18000
3091.1,1,0,5,2,18000
3091.2,NA,2,5,3,18000
3193,1,NA,NA,NA,18000
3163,1,1,5,2,18000
3132,1,1,4,1,18000
3092,1,NA,NA,NA,18000
2823,0,1,5,2,18000
3134,NA,1,4,1,18000
2840,1,1,5,2,18000
3120,1,1,5,3,18000
3065,1,1,6,3,18000
2575,1,1,5,2,18000
2835,1,NA,NA,NA,18250
2832,1,0,4,1,18250
2754,1,NA,NA,NA,18250
3157,1,1,5,2,18250
3003,1,NA,NA,NA,18250
3159,1,1,6,2,18250
3198,1,1,5,2,18250
2587,1,1,5,2,18250
2864,1,1,5,2,18250
2851,0,1,5,2,18250
2819,1,1,5,2,18250
2582,0,0,5,2,18250
2820,1,1,4,1,18250
2814,NA,NA,NA,NA,18250
2855,1,NA,NA,NA,18250
2952,1,1,5,2,18250
2977,1.4,1,5,3,18250
2679,1,1,5,1,18250
2714,NA,NA,NA,NA,18250
2818,1,2,6,4,18250
3097,1,NA,NA,NA,18250
3106,NA,NA,NA,NA,18250
2612,1,1,4,1,18250
2962,1,NA,NA,NA,18250
2997,NA,NA,5,2,18250
2939,0,1,6,4,18250
2722,1,1,5,2,18250
2787,1,1,5,2,18250
2715,1,NA,NA,NA,18250
3756,NA,NA,NA,NA,18250
3794,NA,NA,NA,NA,18250
3760,NA,NA,NA,NA,18250
2791,1,0,5,2,18250
3720,1,1,5,2,18250
3746,NA,NA,NA,NA,18250
2798,1,1,5,2,18250
2805,1,1,5,2,18250
3692,NA,NA,NA,NA,18250
3703,1,1,5,2,18250
3717,1,1,5,2,18250
3719,1,0,5,2,18250
3659,NA,NA,NA,NA,18250
3679,NA,NA,NA,NA,18250
3733,1,1,5,2,18250
3702,NA,NA,NA,NA,18250
2775,1,1,NA,NA,18250
2933,1,1,5,2,18250
2597,1,0,6,2,18250
3757,NA,NA,NA,NA,18250
2794,1,1,NA,NA,18250
2801,1,1,5,2,18250
3660,1,1,6,3,18250
2657,1,1,5,2,18500
2718,1,1,5,2,18500
3672,1,NA,NA,NA,18500
2669,NA,NA,NA,NA,18500
3693,2.2,3,NA,NA,18500
3674,NA,NA,NA,NA,18500
2779,NA,NA,NA,NA,18500
2661,0,1,5,2,18500
2770,1,NA,NA,NA,18500
3686,NA,NA,NA,NA,18500
3696,1,1,5,2,18500
3146,NA,NA,NA,NA,18500
3758,1,NA,NA,NA,18500
3683,NA,NA,NA,NA,18500
3125,0,0,4,1,18500
3755,1,NA,NA,NA,18500
3181,NA,NA,NA,NA,18500
3711,1,1,NA,NA,18500
3621,1,1,5,2,18500
3740,1,1,NA,NA,18500
2700,1,1,5,2,18500
3126,NA,NA,NA,NA,18500
3588,NA,NA,NA,NA,18500
3622,1,NA,NA,NA,18500
3175,1,1,5,2,18500
2760,1,1,5,2,18500
3124,0,1,5,2,18500
3171,1,NA,NA,NA,18500
3584,1,1,NA,NA,18500
3629,1,NA,NA,NA,18500
3650,NA,NA,NA,NA,18500
3618,1,NA,NA,NA,18500
2916,1,1,6,4,18500
3151,1,1,5,2,18500
3633,1,1,5,2,18500
3589,1,1,5,2,18500
3620,NA,NA,NA,NA,18500
3592,NA,NA,NA,NA,18500
3585,1,1,5,1,18500
3616,1,NA,NA,NA,18500
3617,1,1,NA,NA,18500
3635,1,1,5,2,18500
3144,1,1,5,2,18500
3642,1,1,NA,NA,18500
3549,1,2,5,2,18500
3538,1,1,6,3,18500
3560,NA,NA,NA,NA,18500
3533,1,1,NA,NA,18500
3137,NA,NA,NA,NA,18500
2907,1,1,5,3,18500
3577,1,1,6,2,18500
3595,1,1,5,2,18500
2709,2,1,5,2,18500
3656,1,1,5,1,18500
3553,1,1,5,2,18500
3486,NA,NA,NA,NA,18750
3562,1,1,5,2,18750
3531,NA,NA,NA,NA,18750
3511,2.2,1,5,2,18750
3555,1,1,NA,NA,18750
2890,1,1,5,2,18750
3518,1,1,6,3,18750
3500,1.4,1,NA,NA,18750
3514,1,NA,NA,NA,18750
3504,1,1,NA,NA,18750
3479,1,2,6,4,18750
3499,1,1,5,2,18750
3561,1,1,5,2,18750
3572,1,1,NA,NA,18750
3458,NA,2,NA,NA,18750
2881,1,NA,NA,NA,18750
3563,NA,1,5,2,18750
3571,NA,NA,NA,NA,18750
3412,NA,0,NA,NA,18750
3474,NA,NA,NA,NA,18750
3186,NA,NA,NA,NA,18750
3468,1,1,5,2,18750
3463,1,1,6,2,18750
2686,1,0,5,2,18750
2699,1,1,6,3,18750
3430,1,NA,NA,NA,18750
2692,1,NA,NA,NA,18750
3438,1,1,5,2,18750
3437,1,2,6,2,18750
3439,1,1,5,5,18750
3202,NA,1,5,2,18750
3316,1,NA,NA,NA,18750
3367,1,1,5,3,19000
3441,1,1,6,1,19000
3368,1,1,5,2,19000
3440,1,1,5,2,19000
3232,1,1,4,1,19000
3381,1,2,NA,NA,19000
3386,1,1,5,3,19000
2668,1,1,NA,NA,19000
3364,1,NA,NA,NA,19000
3341,1,NA,NA,NA,19000
3250,1,NA,NA,NA,19000
2639,1,1,5,2,19000
3257,1,NA,NA,NA,19000
3353,1,1,5,2,19250
3014,1,1,5,2,19250
2623,NA,NA,NA,NA,19250
2953.1,1,NA,NA,NA,19250
2953.2,1,NA,NA,NA,19250
2504,1,NA,NA,NA,19250
2506,0,1,NA,NA,19250
2924,3,NA,NA,NA,19500
2588,NA,NA,NA,NA,19500
2973,1,NA,NA,NA,19500
3302,1,1,5,3,19500
2892,NA,NA,NA,NA,19500
2869,NA,NA,NA,NA,19500
2897,1,0,5,3,19500
2849,2.2,NA,NA,NA,19500
2844,1,1,5,2,19500
2839,1,1,5,2,19500
2885,1,NA,NA,NA,19500
2878,1,1,5,2,19750
2965,1,1,5,2,19750
3080,1,1,NA,NA,19750
3709,1,NA,NA,NA,20000
3744,1,1,5,2,20000
3729,1,1,5,2,20000
3745,1,NA,NA,NA,20000
3723,1,2,6,4,20000
3761,NA,NA,NA,NA,20000
3762,1,2,5,3,20000
3763,NA,1,5,2,20000
3721,1,NA,NA,NA,20000
3747,NA,NA,NA,NA,20000
3716,1,1,5,2,20000
3714,1,1,6,2,20000
3694,1,2,6,3,20250
3705,1,1,NA,NA,20250
3682,NA,2,5,3,20250
3695,1,1,5,3,20250
3699,1,2,5,3,20250
3704,1,1,7,3,20250
3115,1,1,5,2,20250
3652,1,1,7,2,20250
3637,NA,NA,NA,NA,20250
3117,1,1,5,3,20250
3625,1,1,5,2,20250
2662,NA,1,NA,NA,20250
3110,1,NA,NA,NA,20250
3107,1,NA,NA,NA,20250
3084,NA,1,NA,NA,20250
3632,1,1,5,2,20250
3082,1,NA,NA,NA,20250
3619,1,NA,NA,NA,20250
3583,1,NA,NA,NA,20250
3648,3,1,6,3,20250
3578,1,1,5,3,20250
3579,1,1,5,2,20250
3103,1,0,5,2,20500
3105,2.2,NA,5,2,20500
3093,1,2,5,3,20500
3098,1,NA,NA,NA,20500
3100,2.4,NA,NA,NA,20500
3099,1,3,5,3,20500
2656,0,1,5,2,20500
2525,1,2,NA,NA,20500
2534,1,1,6,3,20500
3466,1,1,NA,NA,20750
3057,1,1,5,2,20750
3066,1,1,5,NA,20750
3050,0,1,5,3,20750
3053,1,1,5,2,20750
3558,1,NA,NA,NA,20750
2538,1,1,5,2,20750
2721,3,3,6,4,20750
3047,1,3,NA,NA,20750
3042,1,2,5,2,20750
3064,NA,NA,NA,NA,20750
3032,1,NA,NA,NA,20750
3040,1,1,NA,NA,20750
3059,1,1,NA,NA,20750
2988,1,1,5,2,20750
3022,1,1,5,3,20750
3021,1,1,5,3,20750
3526,1,NA,NA,NA,20750
3015,NA,NA,NA,NA,20750
3025,NA,NA,NA,NA,20750
2994,1,1,5,3,20750
3473,1.8,3,NA,NA,20750
3525,NA,NA,NA,NA,20750
2957,1,0,4,1,20750
2857,1,1,5,1,20750
2858,NA,1,5,3,20750
3527,2.2,2,5,3,20750
2827,1,1,6,4,20750
2518,1,NA,NA,NA,20750
2926,NA,2,5,3,20750
2859,1,NA,NA,NA,20750
2980,NA,NA,NA,NA,20750
3477,0,2,5,2,20750
2979,2.2,1,5,2,20750
3540,1,1,5,2,20750
2931,NA,1,6,2,20750
2978,1,NA,NA,NA,20750
2963,2.2,NA,NA,NA,20750
2853,2,1,5,3,20750
2852,1,1,NA,NA,20750
2976,NA,2,6,4,20750
2937,2.2,1,5,2,21000
2922,NA,NA,NA,NA,21000
2934,NA,NA,NA,NA,21000
2927,1,2,5,3,21000
2935,1,1,5,2,21000
3465,1,1,NA,NA,21000
2921,1,NA,NA,NA,21000
2964,1,1,6,2,21000
2966,1,2,NA,NA,21000
2967,3,2,6,4,21000
2938,1,1,6,4,21000
2946,1,1,5,2,21000
2929,1,1,5,2,21000
2975,NA,1,6,4,21000
2920,0,NA,NA,NA,21000
2899,NA,NA,NA,NA,21000
2901,1,1,4,1,21000
2956,1,2,6,4,21000
2925,1,1,5,3,21000
3475,1,1,4,1,21000
2945,NA,NA,NA,NA,21000
2955,1,1,NA,NA,21000
2902,1,1,5,3,21000
2826,NA,NA,NA,NA,21000
3542,1,1,NA,NA,21000
2880,1,NA,NA,NA,21000
2887,1,2,6,3,21000
2866.1,NA,NA,NA,NA,21000
2866.2,1,2,6,5,21000
2867,NA,NA,NA,NA,21000
2910,1,NA,NA,NA,21000
2919,1,1,6,2,21000
2908,1,1,NA,NA,21000
2909,1,1,NA,NA,21000
2838,2.2,1,6,4,21000
2842,NA,NA,NA,NA,21000
2913,1,NA,NA,NA,21000
2877,NA,1,NA,NA,21000
2837.1,1,1,6,3,21000
2843,NA,2,5,2,21000
2599,1,2,5,3,21000
2862,1,1,5,2,21000
2876,1,NA,NA,NA,21000
2889,NA,1,6,5,21000
3460,NA,1,6,3,21000
2874,1,1,5,2,21000
2845,NA,1,5,2,21000
2870,NA,NA,NA,NA,21000
2879,1,1,5,2,21000
3492,NA,1,5,2,21000
3524,1,1,6,3,21000
3532.1,1,1,6,3,21000
3532.2,NA,1,5,2,21000
2893,0,1,5,2,21000
2810,NA,2,6,4,21000
2846,3,1,5,3,21000
2806,1,1,5,2,21250
3491,NA,1,NA,NA,21250
2872,1,1,6,3,21250
2593,0,2,5,3,21250
2778,NA,1,NA,NA,21250
2780,1,1,5,1,21250
3507,1,1,5,2,21250
2767.1,1,1,5,2,21250
2767.2,1,1,5,2,21250
2782,1.6,1,5,3,21250
2783,1,1,5,3,21250
2776,1,1,5,3,21250
2792,NA,2,5,3,21250
4,1,1,6,2,21250
2800,1,1,5,3,21250
2765,2.4,1,NA,NA,21250
3453,1,1,5,2,21250
2769,2.2,1,5,2,21250
2766,NA,NA,NA,NA,21250
2708,1,1,5,3,21250
2762,1,1,5,2,21250
2761,1,1,5,2,21250
3452,1.2,1,6,2,21250
3493,NA,NA,NA,NA,21250
2757,1,1,6,2,21250
2705,NA,1,5,3,21250
2752,1,1,5,3,21250
2772,1,1,NA,NA,21250
3496,1,2,6,2,21250
2726,NA,1,4,1,21250
3379,1,1,NA,NA,21250
3396,0,NA,NA,NA,21250
155,1,1,5,2,21250
2731,1,1,5,2,21250
3376.1,1,1,5,2,21250
3376.2,NA,NA,NA,NA,21250
3376.3,NA,NA,NA,NA,21250
3376.4,NA,1,5,2,21250
3376.5,NA,1,6,2,21250
3376.6,NA,NA,NA,NA,21250
3376.7,NA,NA,NA,NA,21250
3449,1,2,6,2,21250
3442,1,1,NA,NA,21250
2716,1,1,5,2,21250
3443,1,1,5,2,21250
3447,NA,NA,NA,NA,21250
3448,1,1,NA,NA,21250
2712,1,1,6,NA,21500
3361,1,2,NA,NA,21500
2717,1,1,5,2,21500
2719,1,1,6,2,21500
2720,0,1,5,2,21500
2684.1,1,1,5,3,21500
2684.2,2.2,0,5,2,21500
2690,1,1,5,2,21500
2697,0,1,6,4,21500
2702,1,1,6,2,21500
2688,1,1,NA,NA,21500
3391,1,2,NA,NA,21500
2694,1,0,5,2,21500
2695,1,1,5,1,21500
2677,0,1,5,2,21500
2549,1,2,5,2,21500
3354,1,1,7,2,21500
3358,1,1,5,2,21500
2675.1,1,1,NA,NA,21500
2675.2,1,1,6,3,21500
3311,1,1,NA,NA,21500
2595,NA,1,5,3,21500
2621,0,1,4,1,21500
3357,1,1,NA,NA,21500
3363,1,1,5,2,21500
3390,1,1,5,2,21500
3312,NA,1,5,3,21500
2648,NA,2,6,4,21500
2583,1,1,6,2,21500
2644.1,1,1,5,2,21500
2644.2,NA,NA,NA,NA,21500
2644.3,1,1,5,3,21500
2672,1,NA,NA,NA,21500
3313,1,1,5,2,21500
2670,1,2,5,3,21500
2645,1,1,5,2,21500
2646,1,1,5,2,21500
2667,1,1,5,2,21500
2647,1,1,5,2,21500
3371,NA,1,5,NA,21500
2574,1,1,6,2,21500
2578,NA,NA,NA,NA,21500
3318,NA,1,5,2,21500
3366,NA,NA,NA,NA,21500
2642.1,1,1,5,1,21750
2642.2,1,1,NA,NA,21750
3402,NA,NA,NA,NA,21750
2581.1,NA,1,5,2,21750
2581.2,1,1,5,2,21750
2658,1,1,5,2,21750
324,1,1,5,2,21750
2663,0,1,NA,NA,21750
2606.1,1,2,5,2,21750
2606.2,1,1,5,2,21750
2606.3,1,1,5,2,21750
2606.4,1,2,5,3,21750
2606.5,1,1,5,2,21750
2606.6,1,1,5,2,21750
2606.7,0,1,5,2,21750
2606.8,1,1,5,2,21750
2606.9,2.2,1,6,3,21750
2651,0,1,5,2,21750
2652.1,NA,1,5,3,21750
2652.2,NA,3,6,3,21750
2652.3,NA,1,6,2,21750
2652.4,0,NA,5,3,21750
2652.5,NA,1,5,2,21750
2581.3,NA,1,5,2,21750
2581.4,0,1,5,2,21750
2608.1,1,1,5,3,21750
2608.2,NA,1,NA,NA,21750
2637,1,1,6,3,21750
2607.1,1,1,5,2,21750
2607.2,1,1,6,2,21750
2607.3,1,1,5,2,21750
2629,1,1,5,2,21750
2585.1,1,1,6,2,21750
2585.2,1,1,5,2,21750
2632,1,1,5,2,21750
2655.1,NA,1,NA,NA,21750
2655.2,NA,1,5,3,21750
2631,0,0,5,2,21750
2654,NA,NA,NA,NA,21750
2620,1,2,5,3,21750
3279,1,1,5,2,21750
2622,NA,1,NA,NA,21750
2635.1,0,1,5,2,21750
2635.2,1,NA,NA,NA,21750
2618,1,1,5,2,21750
2572,1,1,5,2,21750
2610,1,1,5,2,21750
2591,NA,1,5,2,21750
2617,1,1,5,2,21750
2628,1,1,5,2,21750
3090,1,1,5,1,21750
2569,NA,1,5,2,21750
3274,1,1,5,2,21750
2613,1,1,5,2,21750
3246,1.6,3,5,3,21750
421.1,1,1,5,2,21750
421.2,1,1,5,2,21750
2576,0,0,6,2,21750
3248,NA,1,6,2,21750
2505,NA,NA,NA,NA,21750
3293,NA,2,NA,NA,21750
3236,0,1,5,1,21750
2785,1,NA,NA,NA,21750
2789,NA,NA,NA,NA,21750
3290,1,2,7,4,21750
2,1,1,5,2,22000
2565,1,1,5,2,22000
2821,1,2,6,3,22000
2508,1,2,6,4,22000
3251,NA,1,NA,NA,22000
414,1,1,5,2,22000
417,1,NA,NA,NA,22000
3283,0,1,4,1,22000
2790,1,1,5,2,22000
3254,1,1,5,3,22000
3271,1,2,NA,NA,22000
2548,1,NA,NA,NA,22000
3284,1,1,5,2,22000
3253,1,1,5,2,22000
2519,1,1,5,2,22000
2609,1,1,4,2,22000
409,0,0,4,1,22000
410,1,1,5,2,22000
2563,NA,2,5,3,22000
3228,NA,1,5,3,22000
2550,1,NA,NA,NA,22000
2566,1,1,5,2,22000
385,1.4,1,5,2,22000
2530,1,2,5,2,22000
2541,0,1,5,2,22000
3289,1,1,5,2,22000
402,1,1,6,1,22000
3233,1,1,5,2,22000
3218,1,1,5,2,22000
391,1,1,5,1,22000
3226.1,1,0,5,2,22000
3226.2,1,1,5,2,22000
3224,1,NA,NA,NA,22000
2640,1,1,6,2,22000
390,1,1,6,2,22000
383,1,1,NA,NA,22000
2542,2,1,6,2,22000
3230,1,1,5,2,22000
2507,1,1,7,4,22000
2556,1,1,4,1,22000
2558,NA,1,5,3,22000
2559,1,1,5,2,22000
2560,1,NA,NA,NA,22000
2562,NA,3,6,3,22000
4745,1,2,5,2,22000
2564,1,1,5,2,22000
382,1,1,NA,NA,22000
2650,NA,NA,NA,NA,22000
3240,1,1,5,2,22000
388,NA,NA,NA,NA,22000
396,NA,1,NA,NA,22000
359,1,1,5,2,22250
253,NA,1,5,1,22250
2555,1,NA,NA,NA,22250
271,1,1,NA,NA,22250
267.1,NA,NA,NA,NA,22250
267.2,NA,1,5,3,22250
274,1,1,5,3,22250
276,1,1,5,2,22250
288,1,1,NA,NA,22250
250,1,1,5,2,22250
2510,NA,1,5,3,22250
2511,1,1,NA,NA,22250
2552,1,1,5,1,22250
245,2.2,NA,NA,NA,22250
321,1,1,6,4,22250
268,NA,NA,NA,NA,22250
2546,1,1,5,2,22250
395,1,1,5,2,22250
354,NA,NA,NA,NA,22250
357.1,1,1,6,3,22250
357.2,1,1,5,2,22250
266,1,1,5,2,22250
348,NA,NA,NA,NA,22250
413.1,1,1,5,2,22250
413.2,1,1,6,2,22250
347,1,1,4,1,22250
338,1,1,NA,NA,22250
339,NA,1,NA,NA,22250
349,1,1,5,3,22250
341,NA,NA,NA,NA,22500
2539,1,NA,NA,NA,22500
340,1,1,5,2,22500
335,NA,NA,NA,NA,22500
415,1,1,5,2,22500
236,1,1,5,2,22500
243,1,1,NA,NA,22500
259,NA,1,5,2,22500
405,1,1,5,2,22500
2532,1,1,5,2,22500
320,1,NA,NA,NA,22500
247,1,NA,NA,NA,22500
319,NA,NA,NA,NA,22500
328,1,1,5,2,22500
246,1,1,5,2,22500
264,1,0,NA,NA,22500
355,1,0,4,1,22500
251.1,1,NA,NA,NA,22500
251.2,NA,NA,NA,NA,22500
408,NA,1,5,0,22500
262,1,1,NA,NA,22500
345,1,1,5,2,22500
273,1,1,6,2,22500
2524,1,2,5,2,22500
258,1,1,5,2,22500
332,1,1,5,2,22500
298,1,2,5,2,22500
404,1,0,4,1,22500
233,2,1,5,2,22500
240,1,1,5,1,22500
400,0,2,5,3,22500
228,1,1,5,2,22500
460,NA,NA,NA,NA,22500
285,1,1,5,2,22500
326,1,1,5,2,22500
401,1,1,5,2,22500
225,NA,NA,NA,NA,22750
222,1,1,5,2,22750
308,1,NA,NA,NA,22750
231,NA,NA,NA,NA,22750
457,NA,NA,NA,NA,22750
334,1.3,1,5,2,22750
227,1,1,5,2,22750
442,1,1,5,2,22750
215,NA,NA,NA,NA,22750
305,1,1,5,2,22750
449,1,0,5,2,22750
257,NA,NA,NA,NA,22750
452,1,1,5,2,22750
256,1,1,6,2,22750
296,1,2,5,2,22750
392,1,1,6,2,22750
237,NA,1,4,1,22750
299,1,1,5,2,22750
223,NA,NA,NA,NA,22750
364,1.9,0,5,2,22750
423,1,1,5,2,22750
302,0,1,5,2,22750
445,1,1,6,3,22750
254,1.2,1,6,2,22750
278,NA,NA,NA,NA,22750
279,1,NA,5,2,22750
280,0,1,5,2,22750
363.1,1,1,5,2,22750
363.2,1,2,6,3,22750
275,NA,NA,NA,NA,22750
306,NA,NA,NA,NA,22750
422,1,1,5,2,22750
281.1,1,1,5,2,22750
281.2,1,1,5,2,22750
431,1,NA,NA,NA,22750
381,1,1,5,2,22750
277,NA,0,NA,NA,22750
244,0,1,5,2,22750
284,NA,NA,NA,NA,22750
235,NA,NA,NA,NA,22750
294,1,1,NA,NA,22750
300.1,NA,1,5,2,22750
300.2,1,1,6,2,22750
301,2,1,5,2,22750
297.1,1,1,6,2,22750
297.2,1,2,6,3,22750
295,1,1,6,3,22750
286,NA,NA,NA,NA,23000
317,1,1,4,1,23000
211,NA,NA,NA,NA,23000
212,NA,NA,NA,NA,23000
188,NA,NA,NA,NA,23000
191,NA,NA,NA,NA,23250
198,NA,NA,NA,NA,23250
199,NA,NA,NA,NA,23250
647,NA,NA,NA,NA,NA